id,priority,priorityRationale,activityType,frequencyCount,frequencyPeriod,details,facilitatorType,facilitatorRole,facilitatorResourceId,location,remoteCapable,prep,backups,skipAdjustment,metrics
act-001,1,"Higher cardiorespiratory fitness (VO2max) is one of the strongest modifiable predictors of all-cause mortality, so building an aerobic base is foundational.",fitness,3,week,"Zone-2 treadmill base run, 45 min holding HR 60-70% max (~120-135 bpm), conversational pace, 1% incline.",self,,,Elyx gym,false,Wear HR chest strap; light carb snack 60 min prior; hydrate.,act-005|act-007,Add a 30-min brisk outdoor walk same day to preserve weekly Zone-2 volume.,avg_hr|max_hr|duration_min|distance_km|zone2_min
act-002,2,"VO2max intervals drive the single largest gains in peak aerobic capacity, which correlates with extended healthspan and reduced cardiovascular events.",fitness,1,week,"4x4 norwegian intervals on treadmill: 4 min at 90-95% max HR, 3 min active recovery, repeated 4x; 10 min warm-up/cool-down.",alliedHealth,personal trainer,,Elyx gym,false,Trainer briefed on target paces; HR strap fitted; full warm-up completed.,act-009|act-014,Replace with a single longer Zone-2 session next available slot.,avg_hr|max_hr|vo2max|duration_min|distance_km
act-003,2,Quarterly clinician-supervised assessment validates cardiac safety of high-intensity prescriptions and catches early exertional abnormalities.,fitness,1,month,Supervised graded VO2max test to volitional exhaustion with continuous HR and exertion review; output sets next training zones.,specialist,sports medicine physician,,Elyx clinic,false,No strenuous exercise 24h prior; avoid caffeine 3h prior; bring HR strap.,field VO2max estimate via act-002,Use last validated zones and reschedule within 2 weeks.,vo2max|max_hr|avg_hr|duration_min
act-021,2,Progressive lower-body resistance training is the most effective intervention against age-related sarcopenia and all-cause mortality.,fitness,2,week,"Barbell back squat: 4 sets x 5 reps at ~80% 1RM (target ~70-90 kg), full depth to thighs parallel, 2-3 min rest between sets.",alliedHealth,personal trainer,,Elyx gym,false,5-10 min dynamic warm-up; load and collar the bar before working sets.,act-024|Goblet squat at home,Shift to next available trainer slot; do not skip more than one session per week.,sets|reps|load_kg
act-022,2,"Hip-hinge deadlifting builds posterior-chain and bone density, lowering fracture and frailty risk in later decades.",fitness,1,week,"Conventional deadlift: 4 sets x 4 reps at ~75-85% 1RM, neutral spine, controlled eccentric ~3 sec; reset each rep.",alliedHealth,personal trainer,,Elyx gym,false,Warm-up sets ramping from empty bar; chalk hands if needed.,act-003|Kettlebell deadlift at home,Replace with kettlebell hip hinges (act-023) to preserve hinge pattern.,sets|reps|load_kg
act-041,2,"Adequate daily protein preserves lean muscle mass and counters age-related sarcopenia, a key driver of healthspan.",food,3,day,"Protein meals: eat 3 protein-anchored meals totaling 1.6 g/kg body weight daily; ~40 g per plate from chicken, eggs, tofu, or Greek yogurt.",self,,,home,false,meal pre-cooked,act-049,Add a 30 g whey shake to recover the daily protein target.,protein_g|calories|meal_logged
act-043,2,Omega-3 EPA/DHA from oily fish lowers triglycerides and supports cardiovascular and cognitive aging.,food,3,week,"Oily fish: eat a 150 g serving of salmon, mackerel, or sardines providing ~2 g combined EPA/DHA per serving.",self,,,home,false,groceries delivered,act-058,Take an algae or fish-oil supplement to maintain weekly omega-3 intake.,protein_g|meal_logged
act-060,2,A protein-forward breakfast blunts morning glucose spikes and improves satiety for weight management.,food,1,day,"Protein breakfast: start the day with 30-40 g protein (3-egg omelette with greens, or Greek yogurt with nuts and berries).",self,,,home,false,meal pre-cooked,act-041,Have a protein shake to maintain the morning protein target.,protein_g|calories|meal_logged
act-065,2,Elevated ApoB/LDL-C with a family history of CVD makes statin-driven lipid lowering a top-tier intervention for reducing atherosclerotic risk.,medication,1,day,"Rosuvastatin 10 mg, one tablet by mouth each evening; can be taken with or without food, consistent time nightly.",self,,,home,false,,,take when remembered same day; never double-dose,adherence_logged|dose_mg|ldl_c_mgdl
act-066,2,Insulin resistance with rising HbA1c warrants metformin as first-line therapy to improve glycemic control and offer favorable longevity signals.,medication,1,day,"Metformin XR 500 mg, one tablet with the evening meal to minimize GI upset; swallow whole, do not crush.",self,,,home,false,Take with food to reduce gastrointestinal side effects.,,take with next meal same day; never double-dose,adherence_logged|dose_mg|hba1c_pct
act-067,2,Stage-1 hypertension on home readings requires consistent ACE-inhibitor therapy to protect cardiovascular and renal function.,medication,1,day,"Lisinopril 10 mg, one tablet by mouth each morning; take at the same time daily, with or without food.",self,,,home,false,,,take when remembered same day; never double-dose,adherence_logged|dose_mg|bp_mmhg
act-101,2,"A quarterly physician-led synthesis of all biomarker and lifestyle data is the keystone of longevity care, catching adverse trends early when intervention is most effective.",consultation,4,year,"Comprehensive longevity review: integrate latest labs, body composition, cardiorespiratory fitness, sleep and adherence data; reconcile medications and supplements; set next quarter's targets.",specialist,longevity physician,sp-01,Elyx clinic,true,Complete all quarterly labs and scans at least 3 days prior so results are available for review.,video call review,"If skipped, hold prior targets and book a 30-minute interim video review within 2 weeks to cover any flagged out-of-range markers.",apoB|hba1c|fasting_glucose|hs_crp
act-102,2,"Comprehensive blood panels track apoB, glycemic and inflammatory markers that are the strongest modifiable predictors of cardiometabolic risk, so frequent quantification is critical.",consultation,4,year,"Quarterly venous draw for advanced lipids, glycemic, hepatic, renal, thyroid, hormonal and inflammatory panels; phlebotomist collects and physician orders interpretation.",specialist,longevity physician,sp-01,Elyx clinic,false,Fasting 12h before bloods; withhold biotin 72h prior and avoid intense exercise 24h before.,home phlebotomy visit,"If skipped, prioritize a fasting lipid and HbA1c recheck within 4 weeks and flag any previously elevated apoB for the physician.",apoB|ldl_c|hba1c|fasting_insulin|hs_crp|alt
act-004,3,"Regular moderate aerobic exercise improves insulin sensitivity and endothelial function, lowering long-term cardiometabolic risk.",fitness,2,week,"Steady-state indoor cycling, 40 min at HR 65-75% max with 3x2-min tempo surges; cadence 85-95 rpm.",self,,,Elyx gym,false,Set bike resistance profile; fit HR strap; hydrate.,act-005|act-001,Substitute a 40-min outdoor brisk walk if bike unavailable.,avg_hr|max_hr|duration_min|distance_km|zone2_min
act-005,3,"Low-impact rowing builds aerobic capacity while sparing joints, supporting sustainable conditioning volume into later decades.",fitness,2,week,"Rowing intervals: 5x500m at moderate-hard effort (HR 75-85% max), 90 sec rest; target split consistency within 3 sec.",self,,,Elyx gym,false,Calibrate damper setting 4-5; 8-min warm-up row; HR strap on.,act-004|act-001,Add 15 min to next Zone-2 session to recover lost aerobic minutes.,avg_hr|max_hr|duration_min|distance_km
act-023,3,"Ballistic kettlebell training improves power output and grip, which independently predict longevity and functional independence.",fitness,3,week,"Two-handed kettlebell swing: 5 sets x 15 reps at 16-24 kg, explosive hip snap to chest height, 60 sec rest between sets.",self,,,home,false,Clear 2m of floor space; set kettlebell on a non-slip surface.,act-021|Resistance-band good mornings,Add one extra set to the next swing session.,sets|reps|load_kg
act-028,3,"Thoracic extension and scapular retraction counteract desk-induced kyphosis, protecting against chronic neck and shoulder pain.",fitness,4,week,"Banded face pulls 3 x 15 and band pull-aparts 3 x 20 with 2 sec squeeze; thoracic extensions over support 2 x 10, target ~30 deg extension.",alliedHealth,physiotherapist,,home,true,Anchor resistance band at chest height.,act-035|Wall angels,Perform band pull-aparts during work breaks the same day.,sets|reps|rom_deg
act-029,3,"Single-leg balance training reduces fall risk, a leading preventable cause of injury and lost independence with age.",fitness,3,week,"Single-leg stance: 3 x 30 sec per leg eyes open, progress to eyes closed; add tandem-stance walk 2 x 10 steps.",self,,,home,true,Stand near a wall or chair for safety support.,act-036|Balance-pad single-leg holds,Practice balance holds while brushing teeth as a fallback.,sets|balance_sec
act-042,3,Mediterranean-pattern eating is associated with lower cardiovascular and all-cause mortality in long-term cohorts.,food,5,week,"Mediterranean dinners: build dinners around olive oil, legumes, whole grains, vegetables, and modest poultry/fish; limit red meat to once weekly.",alliedHealth,dietitian,,home,true,groceries delivered,act-044,Choose a Mediterranean option at the next restaurant meal.,meal_logged|fiber_g|calories
act-048,3,"Maintaining euhydration supports cardiovascular load, cognition, and renal function across the day.",food,1,day,"Hydration: drink ~2,500 ml water daily, front-loading 500 ml on waking and sipping consistently; more on training days.",self,,,home,false,,,Add an extra 500 ml with electrolytes the following morning.,hydration_ml
act-052,3,"Reducing added sugar lowers visceral fat and improves glycemic variability, key metabolic-aging markers.",food,1,day,Limit added sugar: keep under 25 g/day; eliminate sugary drinks and replace desserts with fruit or dark chocolate (>85%).,self,,,home,false,,,Offset an indulgence with a sugar-free day and a post-meal walk.,calories|meal_logged
act-068,3,Low-dose aspirin supports secondary cardiovascular prevention in this elevated-risk profile under physician oversight.,medication,1,day,"Aspirin 81 mg enteric-coated, one tablet daily with food to limit gastric irritation; take at a consistent time.",self,,,home,false,Take with food to reduce gastric irritation.,,take when remembered same day; never double-dose,adherence_logged|dose_mg
act-103,3,"Cardiovascular disease remains the leading cause of mortality, so a specialist cardiac assessment with imaging-based risk stratification is a high-priority diagnostic.",consultation,1,year,"Cardiology consult with resting and exertional exam, 12-lead ECG, blood pressure profiling and review of coronary calcium scoring to refine atherosclerotic risk.",specialist,cardiologist,,Elyx clinic,false,Bring current lipid results; avoid caffeine 4h before to keep resting heart rate and blood pressure representative.,,"If skipped, defer up to one quarter but maintain blood-pressure logging and escalate immediately if any chest symptoms arise.",blood_pressure|resting_hr|ecg|coronary_calcium_score|ldl_c
act-104,3,"Endocrine and metabolic dysregulation drives insulin resistance and hormonal decline with age, making a specialist metabolic review essential for early, targeted correction.",consultation,2,year,"Endocrinology/metabolic review of glycemic control, insulin sensitivity, thyroid and sex-hormone status; titrate any hormonal or metabolic therapies.",specialist,endocrinologist,,Elyx clinic,true,Ensure fasting metabolic and hormonal labs are completed within the prior week.,video call review,"If skipped, continue current dosing unchanged and rebook within 6 weeks; flag fasting insulin or HbA1c if trending upward.",hba1c|fasting_insulin|tsh|testosterone|vitamin_d
act-114,3,In-person coached power session requires a trainer plus the barbell rack on-site; contention here demonstrates role-based provider substitution.,fitness,3,week,"Trainer-coached barbell power session: cleans and jumps, 5x3 explosive reps.",alliedHealth,personal trainer,,Elyx gym,false,Full warm-up; trainer briefed on loads.,act-023|act-024,"If no trainer/rack, self-perform kettlebell power work (act-023).",sets|reps|load_kg
act-006,4,Daily step volume independently lowers mortality risk and anchors non-exercise activity thermogenesis between structured sessions.,fitness,1,day,"Brisk outdoor walk, 30-40 min at 100-120 steps/min, HR 50-60% max; prioritise post-meal timing for glucose control.",self,,,outdoor,false,Check weather; supportive footwear; phone/watch step tracking on.,treadmill walk via eq-01|act-004,Accumulate steps via two 15-min walks later in day.,avg_hr|duration_min|distance_km
act-007,4,"Swimming delivers full-body aerobic conditioning with minimal joint load, complementing land-based cardio for balanced training stress.",fitness,1,week,"Continuous freestyle swim, 30 min easy-moderate effort with 4x50m tempo pickups; focus on bilateral breathing.",self,,,outdoor,false,Confirm pool access; goggles and cap; light pre-swim snack.,act-005|act-004,Replace with a 30-min Zone-2 row in the next open slot.,duration_min|distance_km|avg_hr
act-024,4,Home dumbbell training maintains training continuity during travel and preserves leg strength between gym sessions.,fitness,2,week,"Dumbbell goblet squat: 3 sets x 10 reps at 20-30 kg, then Romanian deadlift 3 sets x 10 reps; controlled tempo, 90 sec rest.",self,,,home,false,Adjust dumbbell load before starting.,act-021|act-023,Fold into next gym lower-body session as extra accessory work.,sets|reps|load_kg
act-025,4,"Grip strength is a robust biomarker of biological aging and cardiovascular risk, warranting dedicated maintenance.",fitness,2,week,"Dead hangs from bar: 4 sets x max-effort hold (target 45-60 sec), plus farmer carries 3 x 30 m at 24-32 kg per hand.",self,,,Elyx gym,false,Chalk hands; confirm pull-up bar height.,Towel hangs at home|Resistance-band grip squeezes,Substitute with kettlebell holds during act-023 session.,sets|hold_sec|load_kg
act-027,4,Targeted hip mobility addresses sitting-related stiffness that limits squat depth and elevates lower-back injury risk.,fitness,3,week,"90/90 hip rotations 2 x 10 per side, deep lunge with rotation hold 3 x 30 sec per side; progress range toward 110 deg flexion.",alliedHealth,physiotherapist,,home,true,Mat down; warm muscles with light walking first.,act-026|act-037,Add hip openers to next yoga session (act-026).,sets|hold_sec|rom_deg
act-033,4,Isometric core endurance stabilizes the spine and underpins safe loading in squats and deadlifts.,fitness,3,week,"Front plank 3 x 45-60 sec, side plank 3 x 30 sec per side, dead bug 3 x 10 per side; maintain neutral spine and braced abs.",self,,,home,true,Lay out mat.,act-028|Pallof press with band,Add planks as a finisher to the next strength session.,sets|hold_sec
act-034,4,Overhead pressing maintains shoulder strength and stability needed for daily overhead reaching and lifting independence.,fitness,2,week,"Standing dumbbell overhead press: 4 sets x 8 reps at 15-22.5 kg per hand, full lockout, controlled 2 sec lowering, 90 sec rest.",alliedHealth,personal trainer,,home,true,Set dumbbell load; ensure overhead clearance.,act-035|Band overhead press,Reduce to 3 sets next session if shoulder fatigue persists.,sets|reps|load_kg
act-035,4,Horizontal pulling strengthens the mid-back to balance pressing volume and reinforce upright posture.,fitness,2,week,"Banded seated row: 4 sets x 12 reps with 2 sec squeeze at end range; retract scapulae fully, control return over 3 sec.",self,,,home,true,Anchor band securely at waist height.,act-028|Dumbbell bent-over row,Pair with next overhead press session (act-034).,sets|reps
act-044,4,"Leafy greens deliver nitrates, folate, and lutein linked to better vascular and cognitive function.",food,1,day,"Leafy greens: eat at least 1 cup cooked or 2 cups raw leafy greens (spinach, kale, rocket) daily, dressed with olive oil for fat-soluble absorption.",self,,,home,false,groceries delivered,act-046,Add a greens-based side salad to the next meal out.,fiber_g|meal_logged
act-049,4,A 16:8 time-restricted eating window can improve insulin sensitivity and support body-composition goals.,food,5,week,"Time-restricted eating: confine all eating to an 8-hour window (12:00-20:00); only water, black coffee, or tea outside it.",alliedHealth,dietitian,,home,true,,,Shorten the next day's window to 6 hours if a feeding window is missed.,fasting_hours|meal_logged
act-057,4,Plant protein from legumes lowers saturated fat intake while adding fiber and supporting protein targets.,food,4,week,"Plant protein: include a 150 g serving of legumes (lentils, chickpeas, black beans) in lunch or dinner.",alliedHealth,dietitian,,home,true,meal pre-cooked,act-041,Add a legume side or hummus snack to recover weekly servings.,protein_g|fiber_g|meal_logged
act-086,4,"Deep-tissue sports massage reduces delayed-onset muscle soreness and improves range of motion, directly supporting training continuity and injury prevention.",therapy,1,week,"60-minute deep-tissue massage focused on lower back, hips, and quadriceps; communicate pressure preference and any flagged areas.",alliedHealth,massage therapist,,Elyx clinic,false,Avoid heavy meals 2 hours prior; note any sore or injured regions for the therapist.,act-089|act-087,Self-administer percussive therapy on the same muscle groups at home for 15 minutes.,duration_min|perceived_recovery
act-094,4,"Targeted physiotherapy-guided soft-tissue recovery addresses recurring movement restrictions, reducing injury risk that would otherwise derail training continuity.",therapy,1,week,45-minute physiotherapist-led soft-tissue release and mobility session targeting flagged areas; follow prescribed at-home drills afterward.,alliedHealth,physiotherapist,,Elyx clinic,false,Bring notes on any pain or stiffness from the past week.,act-086,Complete prescribed mobility drills at home and report symptoms remotely.,duration_min|perceived_recovery
act-105,4,"Undiagnosed sleep-disordered breathing independently raises cardiometabolic and neurocognitive risk, so an objective sleep study is a valuable baseline diagnostic.",consultation,1,year,"Attended or home polysomnography supervised by a sleep physician to quantify apnea-hypopnea index, oxygen desaturation and sleep architecture.",specialist,sleep physician,,Elyx clinic,false,No alcohol or caffeine on the test day and avoid daytime napping before the study.,home sleep apnea test,"If skipped, deploy a validated home sleep screener and reschedule the full study within the quarter.",ahi|sleep_efficiency|spo2_nadir|rem_pct
act-201,4,"Consolidating the morning supplement stack into one routine reflects how the member actually takes them — one organizer, once.",medication,1,day,"Morning supplement stack: vitamin D3, vitamin K2, omega-3, CoQ10, creatine, B12, zinc (with breakfast).",self,,,home,false,Pre-fill the AM compartment of the pill organizer.,,Take with the next meal the same day; never double-dose.,adherence_logged
act-008,5,Trainer-coached HIIT improves anaerobic capacity and metabolic flexibility while ensuring intensity and form are correctly dosed.,fitness,1,week,30-min HIIT circuit: 8 rounds of 30 sec near-max effort / 90 sec recovery alternating bike and row; peak HR 85-90% max.,alliedHealth,personal trainer,,Elyx gym,true,Trainer reviews session plan; thorough 10-min warm-up; HR strap fitted.,act-002|act-014,Swap for a moderate Zone-2 session to maintain weekly load without overreaching.,avg_hr|max_hr|duration_min|vo2max
act-009,5,"Hill sprints build leg power and cardiovascular ceiling efficiently, preserving fast-twitch capacity that declines with age.",fitness,1,week,6-8 outdoor hill sprints of 20-30 sec at maximal effort with full walk-down recovery; 12-min warm-up beforehand.,self,,,outdoor,false,Scout safe hill gradient; dynamic warm-up; HR strap on.,act-002|treadmill incline sprints via eq-01,Substitute treadmill incline sprints if no suitable hill or weather blocks outdoor work.,max_hr|avg_hr|duration_min
act-026,5,"Guided yoga improves whole-body flexibility and parasympathetic tone, supporting recovery and joint health.",fitness,2,week,"60-min vinyasa flow with deep hip openers and spinal twists; hold each terminal stretch 30-45 sec, breathing through full range.",alliedHealth,yoga instructor,,home,true,Roll out mat in a quiet space; set up video call if remote.,act-032|Self-guided mobility flow,Replace with 20-min self-led stretching the same day.,hold_sec|rom_deg
act-032,5,Maintaining hamstring and calf length preserves gait quality and reduces compensatory low-back strain.,fitness,4,week,Static hamstring stretch 3 x 45 sec per side and standing calf stretch 3 x 45 sec per side; ease toward 90 deg straight-leg raise.,self,,,home,true,Light 5-min walk to warm tissues before stretching.,act-026|act-027,Fold into the cooldown of the next training session.,sets|hold_sec|rom_deg
act-036,5,"Tai-chi-style slow movement combines balance, proprioception, and mobility, shown to lower fall incidence in older adults.",fitness,2,week,"30-min guided slow-flow sequence with weight-shifting stances; hold each transition 3-5 sec, controlled single-leg loading.",alliedHealth,yoga instructor,,home,true,Clear floor space; set up video session if remote.,act-029|act-026,Replace with 15-min balance drills (act-029).,balance_sec|hold_sec
act-037,5,Ankle dorsiflexion mobility is essential for safe squat mechanics and reduces compensatory knee and balance deficits.,fitness,3,week,"Knee-to-wall ankle mobilizations 3 x 10 per side, calf-raise eccentrics 3 x 12; progress toward 12-15 cm knee-to-wall distance.",alliedHealth,physiotherapist,,home,true,Mark a wall reference distance with tape.,act-027|Banded ankle distractions,Add ankle drills to the warm-up of act-021.,sets|reps|rom_deg
act-039,5,"Loaded carries develop integrated trunk stability, grip, and gait strength that transfer directly to daily function.",fitness,1,week,"Kettlebell suitcase carry: 4 rounds x 40 m per side at 20-28 kg, tall posture and braced core, rest 90 sec between rounds.",alliedHealth,personal trainer,,home,false,Measure a clear ~40 m walking path.,act-025|Dumbbell farmer carry,Substitute farmer carries during act-025 grip session.,sets|load_kg
act-045,5,Polyphenol-rich berries provide antioxidants associated with reduced oxidative stress and slower cognitive decline.,food,5,week,"Berries: eat 1 cup mixed berries (blueberries, blackberries) as a breakfast topping or snack for polyphenol intake.",self,,,home,false,groceries delivered,,Swap in dark cherries or pomegranate to keep polyphenol intake up.,fiber_g|meal_logged
act-046,5,"Daily fiber near 30 g improves glycemic control, lipid profile, and gut-microbiome diversity.",food,1,day,"Fiber target: reach 30 g+ dietary fiber daily via legumes, whole grains, vegetables, and nuts spread across meals.",self,,,home,true,meal pre-cooked,act-044,Add a tablespoon of ground flax or chia to close the fiber gap.,fiber_g|calories|meal_logged
act-054,5,Extra-virgin olive oil polyphenols support endothelial function and favorable lipid profiles.,food,1,day,Olive oil: use 2-3 tbsp extra-virgin olive oil daily as the primary fat for dressings and finishing cooked dishes.,self,,,home,false,groceries delivered,,Add olive oil to the next day's meals to maintain monounsaturated fat intake.,calories|meal_logged
act-062,5,Tracking meals improves dietary adherence and gives the care team objective data for adjustments.,food,3,day,"Meal photo-log: photograph each main meal with portion estimates in the Elyx app to capture protein, fiber, and calorie trends.",self,,,home,true,,,Reconstruct the day's intake from memory in the evening review.,meal_logged|calories|protein_g
act-073,5,"Berberine improves insulin sensitivity and lipid profile, complementing metformin for metabolic control under endocrine oversight.",medication,2,day,"Berberine 500 mg, one capsule twice daily with breakfast and dinner to blunt post-meal glucose excursions.",self,,,home,false,Take with meals to reduce GI upset and target postprandial glucose.,,take with next meal same day; never double-dose,adherence_logged|dose_mg
act-083,5,"Regular infrared sauna use is associated with improved cardiovascular function and reduced all-cause mortality in longitudinal cohort studies, making it a high-value recovery modality.",therapy,3,week,Infrared sauna at 55-60C for 20 minutes; hydrate with 500ml water beforehand and cool down for 10 minutes after.,self,,,Elyx clinic,false,Hydrate beforehand; bring towel and water bottle.,act-088,Substitute a warm shower and light stretching at home; resume next scheduled session.,duration_min|temp_c|hrv
act-085,5,Contrast therapy alternating heat and cold may enhance peripheral circulation and accelerate subjective recovery after demanding training weeks.,therapy,2,week,"Alternate 4 minutes sauna at 55C with 1 minute ice bath at 11C; repeat for 3 cycles, finishing on cold.",self,,,Elyx clinic,false,Hydrate and schedule on a non-strength-priority day.,act-083|act-084,"Perform a single 15-minute sauna session if available, otherwise defer to next week.",duration_min|temp_c|hrv|perceived_recovery
act-089,5,Therapeutic lymphatic and recovery-focused massage can ease fluid retention and promote parasympathetic recovery after long-haul travel common to the member.,therapy,1,month,75-minute lymphatic-focused recovery massage with light-to-moderate pressure; emphasize legs and lower back after travel.,alliedHealth,massage therapist,,Elyx clinic,false,Hydrate well in the hours before the session.,act-086|act-088,Elevate legs and self-massage with the massage gun on a low setting at home.,duration_min|perceived_recovery
act-093,5,A post-workout sauna session may amplify heat-adaptation benefits and aid muscle relaxation when timed after endurance training.,therapy,2,week,Post-endurance infrared sauna at 50-55C for 15 minutes; only after rehydration and a 10-minute cooldown from exercise.,self,,,Elyx clinic,false,Rehydrate and check that heart rate has returned near resting before entering.,act-083,Take a warm shower and perform light mobility work instead.,duration_min|temp_c|hrv
act-098,5,A monthly extended recovery massage allows the therapist to address cumulative tension patterns that shorter sessions cannot fully resolve.,therapy,1,month,90-minute full-body sports recovery massage integrating deep-tissue and stretching techniques; pressure adjusted to tolerance.,alliedHealth,massage therapist,,Elyx clinic,false,Hydrate and avoid intense training in the 12 hours prior.,act-086|act-089,Book two shorter 45-minute sessions across the month instead.,duration_min|perceived_recovery
act-106,5,"DEXA quantifies visceral fat, lean mass and bone density with precision, providing objective targets for nutrition and resistance-training adjustments.",consultation,2,year,"DEXA body composition scan to measure regional fat, visceral adipose tissue, appendicular lean mass and bone mineral density, supervised by sports medicine.",specialist,sports medicine physician,,Elyx clinic,false,Avoid calcium supplements 24h before; wear metal-free clothing and arrive normally hydrated.,bioelectrical impedance analysis,"If skipped, use interim BIA and circumference measures and rebook DEXA within the next quarter.",body_fat_pct|lean_mass|bone_density|visceral_fat
act-107,5,"VO2max is one of the strongest predictors of all-cause mortality, so periodic maximal testing benchmarks cardiorespiratory fitness and guides training intensity.",consultation,2,year,"Graded maximal cardiopulmonary exercise test with gas exchange to determine VO2max, ventilatory thresholds and heart-rate training zones.",specialist,sports medicine physician,,Elyx clinic,false,Avoid caffeine and heavy exercise 24h before; wear athletic clothing and supportive footwear.,submaximal estimated VO2max test,"If skipped, estimate fitness from a submaximal step test and defer the maximal test to the next quarter.",vo2max|anaerobic_threshold|max_hr|rer
act-112,5,"Reviewing continuous glucose data reveals postprandial excursions and variability that fasting labs miss, enabling precise dietary and metabolic fine-tuning.",consultation,1,month,"Endocrinologist review of continuous glucose monitor data to assess time-in-range, variability and meal responses; refine nutrition and metabolic therapy accordingly.",specialist,endocrinologist,sp-03,video call,true,Wear a continuous glucose monitor for the 14 days prior and log meals alongside readings.,dietitian-led CGM review,"If skipped, continue current nutrition plan and flag any sustained glucose excursions for the next physician review.",time_in_range|glucose_variability|mean_glucose|hba1c
act-202,5,An evening supplement stack groups the wind-down compounds into a single before-bed routine.,medication,1,day,"Evening supplement stack: magnesium glycinate, glycine, ashwagandha, curcumin, psyllium (with dinner / before bed).",self,,,home,false,Pre-fill the PM compartment of the pill organizer.,,Skip for the night if missed before sleep; never double-dose.,adherence_logged
act-010,6,"A long steady aerobic effort extends mitochondrial density and fat-oxidation capacity, reinforcing the endurance base.",fitness,1,week,"Long Zone-2 session, 60-75 min at HR 60-70% max on bike or treadmill; keep nasal-breathing-capable pace.",self,,,Elyx gym,false,Fuel with light carbs; fill water bottle; HR strap fitted.,act-007|act-006,Split into two 35-min Zone-2 sessions across the week.,avg_hr|max_hr|duration_min|distance_km|zone2_min
act-011,6,Monthly conditioning review with a trainer keeps progressive overload on track and adjusts zones to avoid plateau or overtraining.,fitness,1,month,"45-min coached conditioning review: re-test submaximal HR at fixed workload, recalibrate zones, set next month's progression.",alliedHealth,personal trainer,,Elyx gym,true,Export last month's session metrics for trainer review; HR strap on.,self-review of metrics dashboard,Carry forward current zones and review at next scheduled check-in.,avg_hr|max_hr|vo2max|duration_min
act-030,6,The 20-20-20 rule reduces digital eye strain and accommodative fatigue from prolonged near-work screen exposure.,fitness,8,day,"Eye breaks: every 20 min of screen work, look at an object ~20 feet away for 20 sec; relax focus and blink fully 5-10 times.",self,,,home,true,,act-031|Timed screen-break reminders,Take one extended 2-min distance-gaze break at end of work block.,hold_sec
act-038,6,"Isometric wall sits build quadriceps endurance with minimal joint load, useful as a low-impact strength maintainer.",fitness,2,week,"Wall sit at ~90 deg knee flexion: 4 sets x 45-60 sec hold, 60 sec rest; keep shins vertical and back flat against wall.",self,,,home,true,"Find a clear, flat wall section.",act-024|Bodyweight squats,Add as a finisher to the next lower-body session.,sets|hold_sec|rom_deg
act-047,6,Fermented foods introduce live cultures that support gut-microbiome diversity and lower inflammatory markers.,food,1,day,"Fermented food: one serving daily — 150 g plain kefir, kimchi, sauerkraut, or natto for live cultures.",self,,,home,false,groceries delivered,,Have a kombucha or yogurt with live cultures the next day.,meal_logged
act-051,6,Post-exercise protein within the recovery window maximizes muscle protein synthesis and adaptation.,food,3,week,"Post-workout fuel: within 60 min consume 30-40 g protein plus ~40 g carbs (whey shake with fruit, or chicken with rice).",self,,,home,false,meal pre-cooked,act-041,Add the missed protein to the next main meal.,protein_g|calories|meal_logged
act-053,6,"Minimizing ultra-processed foods reduces sodium, additives, and energy density linked to higher mortality risk.",food,1,week,"Limit ultra-processed: audit the week's intake and cap ultra-processed items at 2 servings; favor whole, single-ingredient foods.",alliedHealth,nutritionist,,home,true,groceries delivered,,Carry over the unmet target and tighten next week's grocery list.,meal_logged|calories
act-055,6,A daily handful of nuts provides healthy fats and is associated with reduced cardiovascular events.,food,1,day,"Mixed nuts: eat a 30 g portion of unsalted walnuts, almonds, or pistachios as a snack or salad topper.",self,,,home,false,groceries delivered,act-045,Have the nut portion the following day or add to breakfast.,calories|protein_g|meal_logged
act-058,6,A balanced restaurant strategy keeps social meals aligned with Mediterranean and protein goals.,food,2,week,"Dining out: order grilled fish or lean protein with vegetables, dressings on the side, and skip bread baskets.",self,,,restaurant,false,,act-042,Log the meal and rebalance the next home dinner toward greens and lean protein.,protein_g|calories|meal_logged
act-084,6,"Cold water immersion blunts post-exercise inflammation and perceived soreness, supporting faster recovery between high-intensity training blocks.",therapy,3,week,"Ice bath at 10-12C for 3-5 minutes; enter gradually, control breathing, and rewarm passively afterward without a hot shower.",self,,,Elyx clinic,false,Avoid immersion immediately after strength sessions where hypertrophy is the goal.,act-090,Apply a cold compress to fatigued muscle groups for 10 minutes at home.,duration_min|temp_c|perceived_recovery
act-091,6,"Slow-paced breathwork lowers sympathetic tone and can raise heart-rate variability, an evidence-linked marker of improved recovery and stress resilience.",therapy,1,day,"10-minute box-breathing or extended-exhale protocol (4-second inhale, 6-second exhale) seated or lying down in a quiet space.",self,,,home,true,,act-092,Take 5 slow diaphragmatic breaths before sleep to partially capture the benefit.,duration_min|hrv
act-092,6,"Guided meditation supports parasympathetic recovery and sleep quality, complementing physical recovery modalities in a longevity program.",therapy,4,week,"15-minute guided mindfulness or body-scan meditation in a quiet, dimly lit room; can be done via an app with a coach check-in.",alliedHealth,health coach,,home,true,Silence notifications and set a comfortable seated position.,act-091,Do a 5-minute unguided breathing session before bed.,duration_min|hrv|perceived_recovery
act-096,6,"Heat acclimation via sauna bathing has been linked to improved endurance performance and thermoregulation, valuable given Singapore's climate and the member's travel.",therapy,1,week,"Heat-adaptation infrared sauna block at 60C for 25 minutes, monitored for tolerance; exit early if lightheaded.",self,,,Elyx clinic,false,Hydrate with electrolytes; avoid alcohol in the prior 24 hours.,act-083,Reduce to a shorter 15-minute session at lower temperature.,duration_min|temp_c|hrv
act-099,6,A pre-sleep contrast shower routine offers an accessible thermal-recovery stimulus on days when clinic facilities are unavailable due to travel.,therapy,2,week,"Home contrast shower: alternate 3 minutes warm (38-40C) with 30 seconds cold for 3 cycles, finishing cold.",self,,,home,false,,act-085,Finish a normal shower with 60 seconds of cold water.,duration_min|temp_c|perceived_recovery
act-108,6,Regular dietitian review sustains protein adequacy and dietary patterns shown to improve metabolic and body-composition outcomes between physician visits.,consultation,1,month,"Dietitian review of food logs, protein and fiber intake, energy balance and supplement plan; adjust the meal strategy toward current body-composition targets.",alliedHealth,dietitian,,video call,true,Submit a 3-day food log and latest body weight before the session.,async food-log review,"If skipped, continue the current meal plan and provide written feedback on the submitted food log instead.",protein_intake_g|caloric_intake|fiber_g|body_weight
act-109,6,"A physiotherapy assessment identifies movement deficits and asymmetries that, left unaddressed, increase injury risk and limit training progression.",consultation,4,year,"Physiotherapy assessment of movement quality, joint range of motion, strength balance and functional screening; prescribe corrective exercises.",alliedHealth,physiotherapist,,Elyx clinic,false,Wear athletic clothing that allows full joint movement.,video movement screen,"If skipped, continue the existing corrective program and run a guided self-assessment over video within 2 weeks.",fms_score|grip_strength|joint_rom|single_leg_balance
act-111,6,"A sleep physician follow-up confirms that any therapy is normalizing breathing and sleep quality, since untreated residual events erode cardiometabolic benefit.",consultation,2,year,"Sleep physician follow-up to review therapy adherence and residual apnea data, adjust device pressures or behavioral sleep strategy, and reassess daytime sleepiness.",specialist,sleep physician,sp-04,video call,true,Sync device or wearable sleep data for the prior 30 nights before the call.,async sleep-data review,"If skipped, maintain current settings and review uploaded adherence data asynchronously within 2 weeks.",ahi|cpap_adherence_hrs|epworth_score
act-113,6,"Daily clinic sauna maximizes heat-adaptation benefit, but daily cadence collides with travel and clinic hours to stress-test the scheduler.",therapy,1,day,"Daily infrared sauna at the clinic, 20 min at 55-60C; on-site only.",self,,,Elyx clinic,false,Hydrate beforehand.,act-099,"On travel/closed days, substitute a home contrast shower (act-099).",duration_min|temp_c|hrv
act-012,7,"Easy recovery cardio promotes active recovery and parasympathetic tone, supporting adaptation between hard sessions.",fitness,2,week,"Easy recovery spin or row, 25 min at HR below 60% max; focus on smooth cadence and relaxed breathing.",self,,,Elyx gym,false,HR strap on; keep effort deliberately light.,act-006|easy outdoor walk,Replace with a gentle 25-min walk to keep blood flow without adding load.,avg_hr|duration_min|distance_km
act-013,7,"Tempo running raises lactate threshold, improving the pace sustainable before fatigue and enhancing functional endurance.",fitness,1,week,"Tempo run, 25 min continuous at HR 80-87% max (comfortably hard) bracketed by 10-min easy warm-up and cool-down.",self,,,Elyx gym,false,Confirm target tempo pace from last assessment; HR strap fitted.,act-005|act-009,Convert to a moderate Zone-2 run if legs are fatigued from prior sessions.,avg_hr|max_hr|duration_min|distance_km
act-031,7,"Near-far focus shifts train ciliary muscle flexibility, helping preserve accommodative range against presbyopic decline.",fitness,1,day,"Near-far focusing: hold thumb 25 cm away, focus 5 sec, then shift to a distant object 5 sec; 10 cycles, followed by 30 sec palming.",self,,,home,true,,act-030|Figure-eight eye tracking,Combine with the next day's session for 20 cycles.,reps|hold_sec
act-040,7,"Pre-session mobility prep improves tissue readiness and range of motion, lowering acute strain risk during loaded training.",fitness,3,week,"Floor-based mobility flow: cat-camel 2 x 10, world's-greatest-stretch 2 x 5 per side, banded shoulder dislocates 2 x 10; move through full pain-free range.",self,,,home,true,Lay out mat and have resistance band ready.,act-027|act-032,Perform an abbreviated 5-min version before the next workout.,sets|reps|rom_deg
act-050,7,Pre-workout carbohydrate plus protein improves training output and protects lean mass during sessions.,food,3,week,"Pre-workout fuel: 60-90 min before training eat ~30 g slow carbs with 20 g protein (oats with whey, or banana with Greek yogurt).",self,,,home,false,meal pre-cooked,act-051,Have a small banana 20 minutes before the session for quick fuel.,protein_g|calories|meal_logged
act-056,7,Cruciferous vegetables supply sulforaphane precursors linked to detoxification and anti-inflammatory pathways.,food,4,week,"Cruciferous veg: eat 1 cup broccoli, cauliflower, or Brussels sprouts lightly steamed to preserve glucosinolates.",self,,,home,false,groceries delivered,act-044,Add a cruciferous side to the next two dinners.,fiber_g|meal_logged
act-061,7,"Limiting alcohol reduces sleep disruption, blood-pressure load, and long-term cancer risk.",food,1,week,Limit alcohol: cap at 3 standard drinks per week with at least 4 alcohol-free days; prefer red wine with meals if drinking.,self,,,home,false,,,Carry the unused allowance forward as additional alcohol-free days.,meal_logged
act-064,7,Weekly guided meal planning sustains nutrition adherence and adapts targets to lab and body-composition trends.,food,1,week,"Weekly meal planning: hold a 30-minute session to set the week's menu, macros, and grocery list aligned to current goals.",alliedHealth,dietitian,,home,true,groceries delivered,,Reuse the prior week's plan and adjust asynchronously over chat.,meal_logged|calories
act-087,7,"Foam rolling improves short-term flexibility and reduces muscle stiffness without impairing performance, offering a low-cost daily recovery aid.",therapy,5,week,"10-minute full-body foam rolling sequence; spend 30-45 seconds per major muscle group, breathing slowly and avoiding joints.",self,,,home,false,Lay out yoga mat in a clear space.,act-088,Replace with 5 minutes of static stretching for the most fatigued muscle groups.,duration_min|perceived_recovery
act-088,7,"Percussive therapy acutely increases local blood flow and reduces perceived muscle tension, making it a convenient adjunct on travel or rest days.",therapy,4,week,"Percussive recovery: use massage gun for 10 minutes on tight muscle groups at medium amplitude; 60-90 seconds per area, never on bone or joints.",self,,,home,false,Charge the device and select an appropriate attachment head.,act-087,Perform manual self-massage and gentle stretching for the same regions.,duration_min|perceived_recovery
act-095,7,Evening percussive therapy on the calves and feet can ease tension and support the wind-down routine that precedes restorative sleep.,therapy,3,week,"5-7 minute evening massage-gun session on calves, feet, and shoulders at low amplitude as part of a pre-sleep wind-down.",self,,,home,false,Charge the device beforehand.,act-087,Do gentle calf and shoulder stretches before bed.,duration_min|perceived_recovery
act-100,7,"A weekly coach-guided recovery breathwork session reinforces technique and adherence, sustaining the HRV and stress-resilience gains of daily practice.",therapy,1,week,20-minute guided recovery breathwork session with a health coach covering paced breathing and progressive relaxation; delivered in person or via video.,alliedHealth,health coach,,home,true,Find a quiet space and wear the HR chest strap for HRV tracking.,act-091|act-092,Complete a 10-minute self-guided breathing session and log HRV.,duration_min|hrv|perceived_recovery
act-110,7,"Frequent health-coaching check-ins drive behavior-change adherence, the factor most responsible for whether prescribed interventions translate into outcomes.",consultation,2,month,"Health-coaching check-in to review adherence, stress, daily activity and sleep habits; remove barriers and set short-term behavioral goals.",alliedHealth,health coach,,video call,true,,async messaging check-in,"If skipped, send a written progress summary and reschedule within the same week to preserve momentum.",adherence_pct|stress_score|steps_daily|sleep_duration
act-014,8,"Trainer-coached interval refresh sharpens running economy and pacing discipline, sustaining gains from harder sessions.",fitness,2,month,Remote-coached 35-min interval session: 6x2 min at 85% max HR with 2-min recoveries; trainer cues cadence and form via video.,alliedHealth,personal trainer,,home,true,Set up treadmill/bike with video link; HR strap paired to display.,act-002|act-008,Self-run the interval template using saved targets.,avg_hr|max_hr|duration_min|vo2max
act-015,8,"Brisk incline treadmill walking elevates aerobic demand with low impact, ideal for travel days and joint-conscious volume.",fitness,2,week,"Incline treadmill walk, 35 min at 8-12% grade, 5-5.5 km/h, HR 65-75% max; maintain upright posture without handrail support.",self,,,Elyx gym,false,Set incline program; HR strap fitted; supportive shoes.,act-006|outdoor hill walk,Replace with an outdoor brisk uphill walk of equal duration.,avg_hr|max_hr|duration_min|distance_km|zone2_min
act-059,8,Green tea catechins offer mild metabolic and antioxidant benefits with minimal downside.,food,2,day,"Green tea: drink 2 cups unsweetened green tea daily, ideally between meals to avoid blunting iron absorption.",self,,,home,false,,,Substitute with matcha or an extra cup the next day.,hydration_ml|meal_logged
act-063,8,Spacing the last meal well before bed improves overnight glucose control and sleep quality.,food,1,day,Early dinner: finish the final meal at least 3 hours before bedtime; keep it lighter and protein-focused if late.,self,,,home,false,,,Keep a late meal small and add a short post-meal walk.,fasting_hours|meal_logged
act-078,8,"Electrolyte replacement around training and travel maintains hydration and performance in Singapore's heat, reducing cramping and fatigue.",medication,3,week,"One electrolyte sachet (sodium ~500 mg, potassium, magnesium) mixed in 500 ml water on training days, sipped during or after sessions.",self,,,home,false,Dissolve sachet fully in 500 ml water before drinking.,,skip if not training that day; do not stockpile doses,adherence_logged|dose_mg
act-090,8,"Brief morning cold plunge exposure may improve alertness and mood through sympathetic activation, supporting consistent daily energy.",therapy,2,week,Morning cold plunge at 12-14C for 2-3 minutes; focus on slow nasal breathing and exit if shivering becomes intense.,self,,,Elyx clinic,false,Schedule before breakfast; have warm clothing ready for rewarming.,act-084,Finish a morning shower with 60 seconds of cold water instead.,duration_min|temp_c|perceived_recovery
act-097,8,A short restorative yoga-mat mobility and breathing flow promotes relaxation and joint mobility with minimal training interference.,therapy,3,week,15-minute restorative mobility and breathing flow on a yoga mat; hold gentle positions for 5-8 slow breaths each.,self,,,home,false,Lay out the mat in a quiet area.,act-091|act-092,Perform 5 minutes of seated breathing and gentle neck mobility.,duration_min|perceived_recovery
act-016,9,"Short daily cardio breaks counteract sedentary time, blunting post-meal glucose spikes that compound metabolic risk over time.",fitness,2,day,"10-min easy movement snack (walk or light spin) within 30 min after main meals; keep HR gentle, just elevated above rest.",self,,,home,false,None.,act-006,Combine into one 20-min walk later in the day.,duration_min|avg_hr
act-017,9,A weekend long cycle adds enjoyable aerobic volume and aids active recovery while reinforcing fat-oxidation adaptations.,fitness,1,week,"Outdoor or indoor long ride, 60-90 min at Zone-2 HR 60-70% max; steady cadence, fuel lightly mid-ride if over 75 min.",self,,,outdoor,false,Check bike/tyres or set indoor bike; hydration and snack packed; HR strap on.,act-010|act-007,Substitute a 60-min indoor Zone-2 bike session if weather or time blocks the ride.,avg_hr|max_hr|duration_min|distance_km|zone2_min
act-018,10,"Periodic conditioning fitness benchmarks provide motivating, objective feedback that supports long-term adherence to the aerobic plan.",fitness,1,month,"Self-administered 2 km row time trial for all-out effort; log split, peak HR, and recovery HR at 1 min post.",self,,,Elyx gym,false,Full 10-min warm-up; HR strap fitted; rested legs (no hard session prior day).,act-005,Defer benchmark to next month and continue normal sessions.,duration_min|distance_km|max_hr|avg_hr
act-019,10,"A mobility-focused cardio cooldown reduces post-session stiffness and supports circulation, lowering perceived training burden.",fitness,3,week,"8-10 min easy cardio flush (light walk or spin) immediately after hard sessions, HR drifting back toward 50% max.",self,,,Elyx gym,false,None; follows directly after main session.,act-016,Add 5 min easy walking at home that evening.,duration_min|avg_hr
act-020,10,An optional trainer-led group conditioning class adds social variety that improves long-term motivation and consistency.,fitness,1,month,"45-min coached mixed conditioning class (bike, row, bodyweight intervals); keep average HR in moderate 70-80% max range.",alliedHealth,personal trainer,,Elyx gym,true,Reserve class slot; HR strap fitted; hydrate.,act-008|act-004,Replace with a self-directed moderate cardio session of equal duration.,avg_hr|max_hr|duration_min
