resourceId,windowType,start,end,reason
eq-01,available,2026-06-01T06:00:00,2026-06-01T21:00:00,
eq-01,available,2026-06-02T06:00:00,2026-06-02T21:00:00,
eq-01,available,2026-06-03T06:00:00,2026-06-03T21:00:00,
eq-01,available,2026-06-04T06:00:00,2026-06-04T21:00:00,
eq-01,available,2026-06-05T06:00:00,2026-06-05T21:00:00,
eq-01,available,2026-06-06T06:00:00,2026-06-06T21:00:00,
eq-01,available,2026-06-07T06:00:00,2026-06-07T21:00:00,
eq-01,available,2026-06-08T06:00:00,2026-06-08T21:00:00,
eq-01,available,2026-06-09T06:00:00,2026-06-09T21:00:00,
eq-01,available,2026-06-10T06:00:00,2026-06-10T21:00:00,
eq-01,available,2026-06-11T06:00:00,2026-06-11T21:00:00,
eq-01,available,2026-06-12T06:00:00,2026-06-12T21:00:00,
eq-01,available,2026-06-13T06:00:00,2026-06-13T21:00:00,
eq-01,available,2026-06-14T06:00:00,2026-06-14T21:00:00,
eq-01,available,2026-06-15T06:00:00,2026-06-15T21:00:00,
eq-01,available,2026-06-16T06:00:00,2026-06-16T21:00:00,
eq-01,available,2026-06-17T06:00:00,2026-06-17T21:00:00,
eq-01,available,2026-06-18T06:00:00,2026-06-18T21:00:00,
eq-01,available,2026-06-19T06:00:00,2026-06-19T21:00:00,
eq-01,available,2026-06-20T06:00:00,2026-06-20T21:00:00,
eq-01,available,2026-06-21T06:00:00,2026-06-21T21:00:00,
eq-01,available,2026-06-22T06:00:00,2026-06-22T21:00:00,
eq-01,available,2026-06-23T06:00:00,2026-06-23T21:00:00,
eq-01,available,2026-06-24T06:00:00,2026-06-24T21:00:00,
eq-01,available,2026-06-25T06:00:00,2026-06-25T21:00:00,
eq-01,available,2026-06-26T06:00:00,2026-06-26T21:00:00,
eq-01,available,2026-06-27T06:00:00,2026-06-27T21:00:00,
eq-01,available,2026-06-28T06:00:00,2026-06-28T21:00:00,
eq-01,available,2026-06-29T06:00:00,2026-06-29T21:00:00,
eq-01,available,2026-06-30T06:00:00,2026-06-30T21:00:00,
eq-01,available,2026-07-01T06:00:00,2026-07-01T21:00:00,
eq-01,available,2026-07-02T06:00:00,2026-07-02T21:00:00,
eq-01,available,2026-07-03T06:00:00,2026-07-03T21:00:00,
eq-01,available,2026-07-04T06:00:00,2026-07-04T21:00:00,
eq-01,available,2026-07-05T06:00:00,2026-07-05T21:00:00,
eq-01,available,2026-07-06T06:00:00,2026-07-06T21:00:00,
eq-01,available,2026-07-07T06:00:00,2026-07-07T21:00:00,
eq-01,available,2026-07-08T06:00:00,2026-07-08T21:00:00,
eq-01,available,2026-07-09T06:00:00,2026-07-09T21:00:00,
eq-01,available,2026-07-10T06:00:00,2026-07-10T21:00:00,
eq-01,available,2026-07-11T06:00:00,2026-07-11T21:00:00,
eq-01,available,2026-07-12T06:00:00,2026-07-12T21:00:00,
eq-01,available,2026-07-13T06:00:00,2026-07-13T21:00:00,
eq-01,available,2026-07-14T06:00:00,2026-07-14T21:00:00,
eq-01,available,2026-07-15T06:00:00,2026-07-15T21:00:00,
eq-01,available,2026-07-16T06:00:00,2026-07-16T21:00:00,
eq-01,available,2026-07-17T06:00:00,2026-07-17T21:00:00,
eq-01,available,2026-07-18T06:00:00,2026-07-18T21:00:00,
eq-01,available,2026-07-19T06:00:00,2026-07-19T21:00:00,
eq-01,available,2026-07-20T06:00:00,2026-07-20T21:00:00,
eq-01,available,2026-07-21T06:00:00,2026-07-21T21:00:00,
eq-01,available,2026-07-22T06:00:00,2026-07-22T21:00:00,
eq-01,available,2026-07-23T06:00:00,2026-07-23T21:00:00,
eq-01,available,2026-07-24T06:00:00,2026-07-24T21:00:00,
eq-01,available,2026-07-25T06:00:00,2026-07-25T21:00:00,
eq-01,available,2026-07-26T06:00:00,2026-07-26T21:00:00,
eq-01,available,2026-07-27T06:00:00,2026-07-27T21:00:00,
eq-01,available,2026-07-28T06:00:00,2026-07-28T21:00:00,
eq-01,available,2026-07-29T06:00:00,2026-07-29T21:00:00,
eq-01,available,2026-07-30T06:00:00,2026-07-30T21:00:00,
eq-01,available,2026-07-31T06:00:00,2026-07-31T21:00:00,
eq-01,available,2026-08-01T06:00:00,2026-08-01T21:00:00,
eq-01,available,2026-08-02T06:00:00,2026-08-02T21:00:00,
eq-01,available,2026-08-03T06:00:00,2026-08-03T21:00:00,
eq-01,available,2026-08-04T06:00:00,2026-08-04T21:00:00,
eq-01,available,2026-08-05T06:00:00,2026-08-05T21:00:00,
eq-01,available,2026-08-06T06:00:00,2026-08-06T21:00:00,
eq-01,available,2026-08-07T06:00:00,2026-08-07T21:00:00,
eq-01,available,2026-08-08T06:00:00,2026-08-08T21:00:00,
eq-01,available,2026-08-09T06:00:00,2026-08-09T21:00:00,
eq-01,available,2026-08-10T06:00:00,2026-08-10T21:00:00,
eq-01,available,2026-08-11T06:00:00,2026-08-11T21:00:00,
eq-01,available,2026-08-12T06:00:00,2026-08-12T21:00:00,
eq-01,available,2026-08-13T06:00:00,2026-08-13T21:00:00,
eq-01,available,2026-08-14T06:00:00,2026-08-14T21:00:00,
eq-01,available,2026-08-15T06:00:00,2026-08-15T21:00:00,
eq-01,available,2026-08-16T06:00:00,2026-08-16T21:00:00,
eq-01,available,2026-08-17T06:00:00,2026-08-17T21:00:00,
eq-01,available,2026-08-18T06:00:00,2026-08-18T21:00:00,
eq-01,available,2026-08-19T06:00:00,2026-08-19T21:00:00,
eq-01,available,2026-08-20T06:00:00,2026-08-20T21:00:00,
eq-01,available,2026-08-21T06:00:00,2026-08-21T21:00:00,
eq-01,available,2026-08-22T06:00:00,2026-08-22T21:00:00,
eq-01,available,2026-08-23T06:00:00,2026-08-23T21:00:00,
eq-01,available,2026-08-24T06:00:00,2026-08-24T21:00:00,
eq-01,available,2026-08-25T06:00:00,2026-08-25T21:00:00,
eq-01,available,2026-08-26T06:00:00,2026-08-26T21:00:00,
eq-01,available,2026-08-27T06:00:00,2026-08-27T21:00:00,
eq-01,available,2026-08-28T06:00:00,2026-08-28T21:00:00,
eq-01,available,2026-08-29T06:00:00,2026-08-29T21:00:00,
eq-01,available,2026-08-30T06:00:00,2026-08-30T21:00:00,
eq-01,available,2026-08-31T06:00:00,2026-08-31T21:00:00,
eq-01,downtime,2026-06-23T00:00:00,2026-06-25T23:59:00,Treadmill belt maintenance
eq-02,available,2026-06-01T06:00:00,2026-06-01T21:00:00,
eq-02,available,2026-06-02T06:00:00,2026-06-02T21:00:00,
eq-02,available,2026-06-03T06:00:00,2026-06-03T21:00:00,
eq-02,available,2026-06-04T06:00:00,2026-06-04T21:00:00,
eq-02,available,2026-06-05T06:00:00,2026-06-05T21:00:00,
eq-02,available,2026-06-06T06:00:00,2026-06-06T21:00:00,
eq-02,available,2026-06-07T06:00:00,2026-06-07T21:00:00,
eq-02,available,2026-06-08T06:00:00,2026-06-08T21:00:00,
eq-02,available,2026-06-09T06:00:00,2026-06-09T21:00:00,
eq-02,available,2026-06-10T06:00:00,2026-06-10T21:00:00,
eq-02,available,2026-06-11T06:00:00,2026-06-11T21:00:00,
eq-02,available,2026-06-12T06:00:00,2026-06-12T21:00:00,
eq-02,available,2026-06-13T06:00:00,2026-06-13T21:00:00,
eq-02,available,2026-06-14T06:00:00,2026-06-14T21:00:00,
eq-02,available,2026-06-15T06:00:00,2026-06-15T21:00:00,
eq-02,available,2026-06-16T06:00:00,2026-06-16T21:00:00,
eq-02,available,2026-06-17T06:00:00,2026-06-17T21:00:00,
eq-02,available,2026-06-18T06:00:00,2026-06-18T21:00:00,
eq-02,available,2026-06-19T06:00:00,2026-06-19T21:00:00,
eq-02,available,2026-06-20T06:00:00,2026-06-20T21:00:00,
eq-02,available,2026-06-21T06:00:00,2026-06-21T21:00:00,
eq-02,available,2026-06-22T06:00:00,2026-06-22T21:00:00,
eq-02,available,2026-06-23T06:00:00,2026-06-23T21:00:00,
eq-02,available,2026-06-24T06:00:00,2026-06-24T21:00:00,
eq-02,available,2026-06-25T06:00:00,2026-06-25T21:00:00,
eq-02,available,2026-06-26T06:00:00,2026-06-26T21:00:00,
eq-02,available,2026-06-27T06:00:00,2026-06-27T21:00:00,
eq-02,available,2026-06-28T06:00:00,2026-06-28T21:00:00,
eq-02,available,2026-06-29T06:00:00,2026-06-29T21:00:00,
eq-02,available,2026-06-30T06:00:00,2026-06-30T21:00:00,
eq-02,available,2026-07-01T06:00:00,2026-07-01T21:00:00,
eq-02,available,2026-07-02T06:00:00,2026-07-02T21:00:00,
eq-02,available,2026-07-03T06:00:00,2026-07-03T21:00:00,
eq-02,available,2026-07-04T06:00:00,2026-07-04T21:00:00,
eq-02,available,2026-07-05T06:00:00,2026-07-05T21:00:00,
eq-02,available,2026-07-06T06:00:00,2026-07-06T21:00:00,
eq-02,available,2026-07-07T06:00:00,2026-07-07T21:00:00,
eq-02,available,2026-07-08T06:00:00,2026-07-08T21:00:00,
eq-02,available,2026-07-09T06:00:00,2026-07-09T21:00:00,
eq-02,available,2026-07-10T06:00:00,2026-07-10T21:00:00,
eq-02,available,2026-07-11T06:00:00,2026-07-11T21:00:00,
eq-02,available,2026-07-12T06:00:00,2026-07-12T21:00:00,
eq-02,available,2026-07-13T06:00:00,2026-07-13T21:00:00,
eq-02,available,2026-07-14T06:00:00,2026-07-14T21:00:00,
eq-02,available,2026-07-15T06:00:00,2026-07-15T21:00:00,
eq-02,available,2026-07-16T06:00:00,2026-07-16T21:00:00,
eq-02,available,2026-07-17T06:00:00,2026-07-17T21:00:00,
eq-02,available,2026-07-18T06:00:00,2026-07-18T21:00:00,
eq-02,available,2026-07-19T06:00:00,2026-07-19T21:00:00,
eq-02,available,2026-07-20T06:00:00,2026-07-20T21:00:00,
eq-02,available,2026-07-21T06:00:00,2026-07-21T21:00:00,
eq-02,available,2026-07-22T06:00:00,2026-07-22T21:00:00,
eq-02,available,2026-07-23T06:00:00,2026-07-23T21:00:00,
eq-02,available,2026-07-24T06:00:00,2026-07-24T21:00:00,
eq-02,available,2026-07-25T06:00:00,2026-07-25T21:00:00,
eq-02,available,2026-07-26T06:00:00,2026-07-26T21:00:00,
eq-02,available,2026-07-27T06:00:00,2026-07-27T21:00:00,
eq-02,available,2026-07-28T06:00:00,2026-07-28T21:00:00,
eq-02,available,2026-07-29T06:00:00,2026-07-29T21:00:00,
eq-02,available,2026-07-30T06:00:00,2026-07-30T21:00:00,
eq-02,available,2026-07-31T06:00:00,2026-07-31T21:00:00,
eq-02,available,2026-08-01T06:00:00,2026-08-01T21:00:00,
eq-02,available,2026-08-02T06:00:00,2026-08-02T21:00:00,
eq-02,available,2026-08-03T06:00:00,2026-08-03T21:00:00,
eq-02,available,2026-08-04T06:00:00,2026-08-04T21:00:00,
eq-02,available,2026-08-05T06:00:00,2026-08-05T21:00:00,
eq-02,available,2026-08-06T06:00:00,2026-08-06T21:00:00,
eq-02,available,2026-08-07T06:00:00,2026-08-07T21:00:00,
eq-02,available,2026-08-08T06:00:00,2026-08-08T21:00:00,
eq-02,available,2026-08-09T06:00:00,2026-08-09T21:00:00,
eq-02,available,2026-08-10T06:00:00,2026-08-10T21:00:00,
eq-02,available,2026-08-11T06:00:00,2026-08-11T21:00:00,
eq-02,available,2026-08-12T06:00:00,2026-08-12T21:00:00,
eq-02,available,2026-08-13T06:00:00,2026-08-13T21:00:00,
eq-02,available,2026-08-14T06:00:00,2026-08-14T21:00:00,
eq-02,available,2026-08-15T06:00:00,2026-08-15T21:00:00,
eq-02,available,2026-08-16T06:00:00,2026-08-16T21:00:00,
eq-02,available,2026-08-17T06:00:00,2026-08-17T21:00:00,
eq-02,available,2026-08-18T06:00:00,2026-08-18T21:00:00,
eq-02,available,2026-08-19T06:00:00,2026-08-19T21:00:00,
eq-02,available,2026-08-20T06:00:00,2026-08-20T21:00:00,
eq-02,available,2026-08-21T06:00:00,2026-08-21T21:00:00,
eq-02,available,2026-08-22T06:00:00,2026-08-22T21:00:00,
eq-02,available,2026-08-23T06:00:00,2026-08-23T21:00:00,
eq-02,available,2026-08-24T06:00:00,2026-08-24T21:00:00,
eq-02,available,2026-08-25T06:00:00,2026-08-25T21:00:00,
eq-02,available,2026-08-26T06:00:00,2026-08-26T21:00:00,
eq-02,available,2026-08-27T06:00:00,2026-08-27T21:00:00,
eq-02,available,2026-08-28T06:00:00,2026-08-28T21:00:00,
eq-02,available,2026-08-29T06:00:00,2026-08-29T21:00:00,
eq-02,available,2026-08-30T06:00:00,2026-08-30T21:00:00,
eq-02,available,2026-08-31T06:00:00,2026-08-31T21:00:00,
eq-03,available,2026-06-01T06:00:00,2026-06-01T21:00:00,
eq-03,available,2026-06-02T06:00:00,2026-06-02T21:00:00,
eq-03,available,2026-06-03T06:00:00,2026-06-03T21:00:00,
eq-03,available,2026-06-04T06:00:00,2026-06-04T21:00:00,
eq-03,available,2026-06-05T06:00:00,2026-06-05T21:00:00,
eq-03,available,2026-06-06T06:00:00,2026-06-06T21:00:00,
eq-03,available,2026-06-07T06:00:00,2026-06-07T21:00:00,
eq-03,available,2026-06-08T06:00:00,2026-06-08T21:00:00,
eq-03,available,2026-06-09T06:00:00,2026-06-09T21:00:00,
eq-03,available,2026-06-10T06:00:00,2026-06-10T21:00:00,
eq-03,available,2026-06-11T06:00:00,2026-06-11T21:00:00,
eq-03,available,2026-06-12T06:00:00,2026-06-12T21:00:00,
eq-03,available,2026-06-13T06:00:00,2026-06-13T21:00:00,
eq-03,available,2026-06-14T06:00:00,2026-06-14T21:00:00,
eq-03,available,2026-06-15T06:00:00,2026-06-15T21:00:00,
eq-03,available,2026-06-16T06:00:00,2026-06-16T21:00:00,
eq-03,available,2026-06-17T06:00:00,2026-06-17T21:00:00,
eq-03,available,2026-06-18T06:00:00,2026-06-18T21:00:00,
eq-03,available,2026-06-19T06:00:00,2026-06-19T21:00:00,
eq-03,available,2026-06-20T06:00:00,2026-06-20T21:00:00,
eq-03,available,2026-06-21T06:00:00,2026-06-21T21:00:00,
eq-03,available,2026-06-22T06:00:00,2026-06-22T21:00:00,
eq-03,available,2026-06-23T06:00:00,2026-06-23T21:00:00,
eq-03,available,2026-06-24T06:00:00,2026-06-24T21:00:00,
eq-03,available,2026-06-25T06:00:00,2026-06-25T21:00:00,
eq-03,available,2026-06-26T06:00:00,2026-06-26T21:00:00,
eq-03,available,2026-06-27T06:00:00,2026-06-27T21:00:00,
eq-03,available,2026-06-28T06:00:00,2026-06-28T21:00:00,
eq-03,available,2026-06-29T06:00:00,2026-06-29T21:00:00,
eq-03,available,2026-06-30T06:00:00,2026-06-30T21:00:00,
eq-03,available,2026-07-01T06:00:00,2026-07-01T21:00:00,
eq-03,available,2026-07-02T06:00:00,2026-07-02T21:00:00,
eq-03,available,2026-07-03T06:00:00,2026-07-03T21:00:00,
eq-03,available,2026-07-04T06:00:00,2026-07-04T21:00:00,
eq-03,available,2026-07-05T06:00:00,2026-07-05T21:00:00,
eq-03,available,2026-07-06T06:00:00,2026-07-06T21:00:00,
eq-03,available,2026-07-07T06:00:00,2026-07-07T21:00:00,
eq-03,available,2026-07-08T06:00:00,2026-07-08T21:00:00,
eq-03,available,2026-07-09T06:00:00,2026-07-09T21:00:00,
eq-03,available,2026-07-10T06:00:00,2026-07-10T21:00:00,
eq-03,available,2026-07-11T06:00:00,2026-07-11T21:00:00,
eq-03,available,2026-07-12T06:00:00,2026-07-12T21:00:00,
eq-03,available,2026-07-13T06:00:00,2026-07-13T21:00:00,
eq-03,available,2026-07-14T06:00:00,2026-07-14T21:00:00,
eq-03,available,2026-07-15T06:00:00,2026-07-15T21:00:00,
eq-03,available,2026-07-16T06:00:00,2026-07-16T21:00:00,
eq-03,available,2026-07-17T06:00:00,2026-07-17T21:00:00,
eq-03,available,2026-07-18T06:00:00,2026-07-18T21:00:00,
eq-03,available,2026-07-19T06:00:00,2026-07-19T21:00:00,
eq-03,available,2026-07-20T06:00:00,2026-07-20T21:00:00,
eq-03,available,2026-07-21T06:00:00,2026-07-21T21:00:00,
eq-03,available,2026-07-22T06:00:00,2026-07-22T21:00:00,
eq-03,available,2026-07-23T06:00:00,2026-07-23T21:00:00,
eq-03,available,2026-07-24T06:00:00,2026-07-24T21:00:00,
eq-03,available,2026-07-25T06:00:00,2026-07-25T21:00:00,
eq-03,available,2026-07-26T06:00:00,2026-07-26T21:00:00,
eq-03,available,2026-07-27T06:00:00,2026-07-27T21:00:00,
eq-03,available,2026-07-28T06:00:00,2026-07-28T21:00:00,
eq-03,available,2026-07-29T06:00:00,2026-07-29T21:00:00,
eq-03,available,2026-07-30T06:00:00,2026-07-30T21:00:00,
eq-03,available,2026-07-31T06:00:00,2026-07-31T21:00:00,
eq-03,available,2026-08-01T06:00:00,2026-08-01T21:00:00,
eq-03,available,2026-08-02T06:00:00,2026-08-02T21:00:00,
eq-03,available,2026-08-03T06:00:00,2026-08-03T21:00:00,
eq-03,available,2026-08-04T06:00:00,2026-08-04T21:00:00,
eq-03,available,2026-08-05T06:00:00,2026-08-05T21:00:00,
eq-03,available,2026-08-06T06:00:00,2026-08-06T21:00:00,
eq-03,available,2026-08-07T06:00:00,2026-08-07T21:00:00,
eq-03,available,2026-08-08T06:00:00,2026-08-08T21:00:00,
eq-03,available,2026-08-09T06:00:00,2026-08-09T21:00:00,
eq-03,available,2026-08-10T06:00:00,2026-08-10T21:00:00,
eq-03,available,2026-08-11T06:00:00,2026-08-11T21:00:00,
eq-03,available,2026-08-12T06:00:00,2026-08-12T21:00:00,
eq-03,available,2026-08-13T06:00:00,2026-08-13T21:00:00,
eq-03,available,2026-08-14T06:00:00,2026-08-14T21:00:00,
eq-03,available,2026-08-15T06:00:00,2026-08-15T21:00:00,
eq-03,available,2026-08-16T06:00:00,2026-08-16T21:00:00,
eq-03,available,2026-08-17T06:00:00,2026-08-17T21:00:00,
eq-03,available,2026-08-18T06:00:00,2026-08-18T21:00:00,
eq-03,available,2026-08-19T06:00:00,2026-08-19T21:00:00,
eq-03,available,2026-08-20T06:00:00,2026-08-20T21:00:00,
eq-03,available,2026-08-21T06:00:00,2026-08-21T21:00:00,
eq-03,available,2026-08-22T06:00:00,2026-08-22T21:00:00,
eq-03,available,2026-08-23T06:00:00,2026-08-23T21:00:00,
eq-03,available,2026-08-24T06:00:00,2026-08-24T21:00:00,
eq-03,available,2026-08-25T06:00:00,2026-08-25T21:00:00,
eq-03,available,2026-08-26T06:00:00,2026-08-26T21:00:00,
eq-03,available,2026-08-27T06:00:00,2026-08-27T21:00:00,
eq-03,available,2026-08-28T06:00:00,2026-08-28T21:00:00,
eq-03,available,2026-08-29T06:00:00,2026-08-29T21:00:00,
eq-03,available,2026-08-30T06:00:00,2026-08-30T21:00:00,
eq-03,available,2026-08-31T06:00:00,2026-08-31T21:00:00,
eq-04,available,2026-06-01T06:00:00,2026-06-01T21:00:00,
eq-04,available,2026-06-02T06:00:00,2026-06-02T21:00:00,
eq-04,available,2026-06-03T06:00:00,2026-06-03T21:00:00,
eq-04,available,2026-06-04T06:00:00,2026-06-04T21:00:00,
eq-04,available,2026-06-05T06:00:00,2026-06-05T21:00:00,
eq-04,available,2026-06-06T06:00:00,2026-06-06T21:00:00,
eq-04,available,2026-06-08T06:00:00,2026-06-08T21:00:00,
eq-04,available,2026-06-09T06:00:00,2026-06-09T21:00:00,
eq-04,available,2026-06-10T06:00:00,2026-06-10T21:00:00,
eq-04,available,2026-06-11T06:00:00,2026-06-11T21:00:00,
eq-04,available,2026-06-12T06:00:00,2026-06-12T21:00:00,
eq-04,available,2026-06-13T06:00:00,2026-06-13T21:00:00,
eq-04,available,2026-06-15T06:00:00,2026-06-15T21:00:00,
eq-04,available,2026-06-16T06:00:00,2026-06-16T21:00:00,
eq-04,available,2026-06-17T06:00:00,2026-06-17T21:00:00,
eq-04,available,2026-06-18T06:00:00,2026-06-18T21:00:00,
eq-04,available,2026-06-19T06:00:00,2026-06-19T21:00:00,
eq-04,available,2026-06-20T06:00:00,2026-06-20T21:00:00,
eq-04,available,2026-06-22T06:00:00,2026-06-22T21:00:00,
eq-04,available,2026-06-23T06:00:00,2026-06-23T21:00:00,
eq-04,available,2026-06-24T06:00:00,2026-06-24T21:00:00,
eq-04,available,2026-06-25T06:00:00,2026-06-25T21:00:00,
eq-04,available,2026-06-26T06:00:00,2026-06-26T21:00:00,
eq-04,available,2026-06-27T06:00:00,2026-06-27T21:00:00,
eq-04,available,2026-06-29T06:00:00,2026-06-29T21:00:00,
eq-04,available,2026-06-30T06:00:00,2026-06-30T21:00:00,
eq-04,available,2026-07-01T06:00:00,2026-07-01T21:00:00,
eq-04,available,2026-07-02T06:00:00,2026-07-02T21:00:00,
eq-04,available,2026-07-03T06:00:00,2026-07-03T21:00:00,
eq-04,available,2026-07-04T06:00:00,2026-07-04T21:00:00,
eq-04,available,2026-07-06T06:00:00,2026-07-06T21:00:00,
eq-04,available,2026-07-07T06:00:00,2026-07-07T21:00:00,
eq-04,available,2026-07-08T06:00:00,2026-07-08T21:00:00,
eq-04,available,2026-07-09T06:00:00,2026-07-09T21:00:00,
eq-04,available,2026-07-10T06:00:00,2026-07-10T21:00:00,
eq-04,available,2026-07-11T06:00:00,2026-07-11T21:00:00,
eq-04,available,2026-07-13T06:00:00,2026-07-13T21:00:00,
eq-04,available,2026-07-14T06:00:00,2026-07-14T21:00:00,
eq-04,available,2026-07-15T06:00:00,2026-07-15T21:00:00,
eq-04,available,2026-07-16T06:00:00,2026-07-16T21:00:00,
eq-04,available,2026-07-17T06:00:00,2026-07-17T21:00:00,
eq-04,available,2026-07-18T06:00:00,2026-07-18T21:00:00,
eq-04,available,2026-07-20T06:00:00,2026-07-20T21:00:00,
eq-04,available,2026-07-21T06:00:00,2026-07-21T21:00:00,
eq-04,available,2026-07-22T06:00:00,2026-07-22T21:00:00,
eq-04,available,2026-07-23T06:00:00,2026-07-23T21:00:00,
eq-04,available,2026-07-24T06:00:00,2026-07-24T21:00:00,
eq-04,available,2026-07-25T06:00:00,2026-07-25T21:00:00,
eq-04,available,2026-07-27T06:00:00,2026-07-27T21:00:00,
eq-04,available,2026-07-28T06:00:00,2026-07-28T21:00:00,
eq-04,available,2026-07-29T06:00:00,2026-07-29T21:00:00,
eq-04,available,2026-07-30T06:00:00,2026-07-30T21:00:00,
eq-04,available,2026-07-31T06:00:00,2026-07-31T21:00:00,
eq-04,available,2026-08-01T06:00:00,2026-08-01T21:00:00,
eq-04,available,2026-08-03T06:00:00,2026-08-03T21:00:00,
eq-04,available,2026-08-04T06:00:00,2026-08-04T21:00:00,
eq-04,available,2026-08-05T06:00:00,2026-08-05T21:00:00,
eq-04,available,2026-08-06T06:00:00,2026-08-06T21:00:00,
eq-04,available,2026-08-07T06:00:00,2026-08-07T21:00:00,
eq-04,available,2026-08-08T06:00:00,2026-08-08T21:00:00,
eq-04,available,2026-08-10T06:00:00,2026-08-10T21:00:00,
eq-04,available,2026-08-11T06:00:00,2026-08-11T21:00:00,
eq-04,available,2026-08-12T06:00:00,2026-08-12T21:00:00,
eq-04,available,2026-08-13T06:00:00,2026-08-13T21:00:00,
eq-04,available,2026-08-14T06:00:00,2026-08-14T21:00:00,
eq-04,available,2026-08-15T06:00:00,2026-08-15T21:00:00,
eq-04,available,2026-08-17T06:00:00,2026-08-17T21:00:00,
eq-04,available,2026-08-18T06:00:00,2026-08-18T21:00:00,
eq-04,available,2026-08-19T06:00:00,2026-08-19T21:00:00,
eq-04,available,2026-08-20T06:00:00,2026-08-20T21:00:00,
eq-04,available,2026-08-21T06:00:00,2026-08-21T21:00:00,
eq-04,available,2026-08-22T06:00:00,2026-08-22T21:00:00,
eq-04,available,2026-08-24T06:00:00,2026-08-24T21:00:00,
eq-04,available,2026-08-25T06:00:00,2026-08-25T21:00:00,
eq-04,available,2026-08-26T06:00:00,2026-08-26T21:00:00,
eq-04,available,2026-08-27T06:00:00,2026-08-27T21:00:00,
eq-04,available,2026-08-28T06:00:00,2026-08-28T21:00:00,
eq-04,available,2026-08-29T06:00:00,2026-08-29T21:00:00,
eq-04,available,2026-08-31T06:00:00,2026-08-31T21:00:00,
eq-05,available,2026-06-01T05:00:00,2026-06-01T23:00:00,
eq-05,available,2026-06-02T05:00:00,2026-06-02T23:00:00,
eq-05,available,2026-06-03T05:00:00,2026-06-03T23:00:00,
eq-05,available,2026-06-04T05:00:00,2026-06-04T23:00:00,
eq-05,available,2026-06-05T05:00:00,2026-06-05T23:00:00,
eq-05,available,2026-06-06T05:00:00,2026-06-06T23:00:00,
eq-05,available,2026-06-07T05:00:00,2026-06-07T23:00:00,
eq-05,available,2026-06-08T05:00:00,2026-06-08T23:00:00,
eq-05,available,2026-06-09T05:00:00,2026-06-09T23:00:00,
eq-05,available,2026-06-10T05:00:00,2026-06-10T23:00:00,
eq-05,available,2026-06-11T05:00:00,2026-06-11T23:00:00,
eq-05,available,2026-06-12T05:00:00,2026-06-12T23:00:00,
eq-05,available,2026-06-13T05:00:00,2026-06-13T23:00:00,
eq-05,available,2026-06-14T05:00:00,2026-06-14T23:00:00,
eq-05,available,2026-06-15T05:00:00,2026-06-15T23:00:00,
eq-05,available,2026-06-16T05:00:00,2026-06-16T23:00:00,
eq-05,available,2026-06-17T05:00:00,2026-06-17T23:00:00,
eq-05,available,2026-06-18T05:00:00,2026-06-18T23:00:00,
eq-05,available,2026-06-19T05:00:00,2026-06-19T23:00:00,
eq-05,available,2026-06-20T05:00:00,2026-06-20T23:00:00,
eq-05,available,2026-06-21T05:00:00,2026-06-21T23:00:00,
eq-05,available,2026-06-22T05:00:00,2026-06-22T23:00:00,
eq-05,available,2026-06-23T05:00:00,2026-06-23T23:00:00,
eq-05,available,2026-06-24T05:00:00,2026-06-24T23:00:00,
eq-05,available,2026-06-25T05:00:00,2026-06-25T23:00:00,
eq-05,available,2026-06-26T05:00:00,2026-06-26T23:00:00,
eq-05,available,2026-06-27T05:00:00,2026-06-27T23:00:00,
eq-05,available,2026-06-28T05:00:00,2026-06-28T23:00:00,
eq-05,available,2026-06-29T05:00:00,2026-06-29T23:00:00,
eq-05,available,2026-06-30T05:00:00,2026-06-30T23:00:00,
eq-05,available,2026-07-01T05:00:00,2026-07-01T23:00:00,
eq-05,available,2026-07-02T05:00:00,2026-07-02T23:00:00,
eq-05,available,2026-07-03T05:00:00,2026-07-03T23:00:00,
eq-05,available,2026-07-04T05:00:00,2026-07-04T23:00:00,
eq-05,available,2026-07-05T05:00:00,2026-07-05T23:00:00,
eq-05,available,2026-07-06T05:00:00,2026-07-06T23:00:00,
eq-05,available,2026-07-07T05:00:00,2026-07-07T23:00:00,
eq-05,available,2026-07-08T05:00:00,2026-07-08T23:00:00,
eq-05,available,2026-07-09T05:00:00,2026-07-09T23:00:00,
eq-05,available,2026-07-10T05:00:00,2026-07-10T23:00:00,
eq-05,available,2026-07-11T05:00:00,2026-07-11T23:00:00,
eq-05,available,2026-07-12T05:00:00,2026-07-12T23:00:00,
eq-05,available,2026-07-13T05:00:00,2026-07-13T23:00:00,
eq-05,available,2026-07-14T05:00:00,2026-07-14T23:00:00,
eq-05,available,2026-07-15T05:00:00,2026-07-15T23:00:00,
eq-05,available,2026-07-16T05:00:00,2026-07-16T23:00:00,
eq-05,available,2026-07-17T05:00:00,2026-07-17T23:00:00,
eq-05,available,2026-07-18T05:00:00,2026-07-18T23:00:00,
eq-05,available,2026-07-19T05:00:00,2026-07-19T23:00:00,
eq-05,available,2026-07-20T05:00:00,2026-07-20T23:00:00,
eq-05,available,2026-07-21T05:00:00,2026-07-21T23:00:00,
eq-05,available,2026-07-22T05:00:00,2026-07-22T23:00:00,
eq-05,available,2026-07-23T05:00:00,2026-07-23T23:00:00,
eq-05,available,2026-07-24T05:00:00,2026-07-24T23:00:00,
eq-05,available,2026-07-25T05:00:00,2026-07-25T23:00:00,
eq-05,available,2026-07-26T05:00:00,2026-07-26T23:00:00,
eq-05,available,2026-07-27T05:00:00,2026-07-27T23:00:00,
eq-05,available,2026-07-28T05:00:00,2026-07-28T23:00:00,
eq-05,available,2026-07-29T05:00:00,2026-07-29T23:00:00,
eq-05,available,2026-07-30T05:00:00,2026-07-30T23:00:00,
eq-05,available,2026-07-31T05:00:00,2026-07-31T23:00:00,
eq-05,available,2026-08-01T05:00:00,2026-08-01T23:00:00,
eq-05,available,2026-08-02T05:00:00,2026-08-02T23:00:00,
eq-05,available,2026-08-03T05:00:00,2026-08-03T23:00:00,
eq-05,available,2026-08-04T05:00:00,2026-08-04T23:00:00,
eq-05,available,2026-08-05T05:00:00,2026-08-05T23:00:00,
eq-05,available,2026-08-06T05:00:00,2026-08-06T23:00:00,
eq-05,available,2026-08-07T05:00:00,2026-08-07T23:00:00,
eq-05,available,2026-08-08T05:00:00,2026-08-08T23:00:00,
eq-05,available,2026-08-09T05:00:00,2026-08-09T23:00:00,
eq-05,available,2026-08-10T05:00:00,2026-08-10T23:00:00,
eq-05,available,2026-08-11T05:00:00,2026-08-11T23:00:00,
eq-05,available,2026-08-12T05:00:00,2026-08-12T23:00:00,
eq-05,available,2026-08-13T05:00:00,2026-08-13T23:00:00,
eq-05,available,2026-08-14T05:00:00,2026-08-14T23:00:00,
eq-05,available,2026-08-15T05:00:00,2026-08-15T23:00:00,
eq-05,available,2026-08-16T05:00:00,2026-08-16T23:00:00,
eq-05,available,2026-08-17T05:00:00,2026-08-17T23:00:00,
eq-05,available,2026-08-18T05:00:00,2026-08-18T23:00:00,
eq-05,available,2026-08-19T05:00:00,2026-08-19T23:00:00,
eq-05,available,2026-08-20T05:00:00,2026-08-20T23:00:00,
eq-05,available,2026-08-21T05:00:00,2026-08-21T23:00:00,
eq-05,available,2026-08-22T05:00:00,2026-08-22T23:00:00,
eq-05,available,2026-08-23T05:00:00,2026-08-23T23:00:00,
eq-05,available,2026-08-24T05:00:00,2026-08-24T23:00:00,
eq-05,available,2026-08-25T05:00:00,2026-08-25T23:00:00,
eq-05,available,2026-08-26T05:00:00,2026-08-26T23:00:00,
eq-05,available,2026-08-27T05:00:00,2026-08-27T23:00:00,
eq-05,available,2026-08-28T05:00:00,2026-08-28T23:00:00,
eq-05,available,2026-08-29T05:00:00,2026-08-29T23:00:00,
eq-05,available,2026-08-30T05:00:00,2026-08-30T23:00:00,
eq-05,available,2026-08-31T05:00:00,2026-08-31T23:00:00,
eq-06,available,2026-06-01T05:00:00,2026-06-01T23:00:00,
eq-06,available,2026-06-02T05:00:00,2026-06-02T23:00:00,
eq-06,available,2026-06-03T05:00:00,2026-06-03T23:00:00,
eq-06,available,2026-06-04T05:00:00,2026-06-04T23:00:00,
eq-06,available,2026-06-05T05:00:00,2026-06-05T23:00:00,
eq-06,available,2026-06-06T05:00:00,2026-06-06T23:00:00,
eq-06,available,2026-06-07T05:00:00,2026-06-07T23:00:00,
eq-06,available,2026-06-08T05:00:00,2026-06-08T23:00:00,
eq-06,available,2026-06-09T05:00:00,2026-06-09T23:00:00,
eq-06,available,2026-06-10T05:00:00,2026-06-10T23:00:00,
eq-06,available,2026-06-11T05:00:00,2026-06-11T23:00:00,
eq-06,available,2026-06-12T05:00:00,2026-06-12T23:00:00,
eq-06,available,2026-06-13T05:00:00,2026-06-13T23:00:00,
eq-06,available,2026-06-14T05:00:00,2026-06-14T23:00:00,
eq-06,available,2026-06-15T05:00:00,2026-06-15T23:00:00,
eq-06,available,2026-06-16T05:00:00,2026-06-16T23:00:00,
eq-06,available,2026-06-17T05:00:00,2026-06-17T23:00:00,
eq-06,available,2026-06-18T05:00:00,2026-06-18T23:00:00,
eq-06,available,2026-06-19T05:00:00,2026-06-19T23:00:00,
eq-06,available,2026-06-20T05:00:00,2026-06-20T23:00:00,
eq-06,available,2026-06-21T05:00:00,2026-06-21T23:00:00,
eq-06,available,2026-06-22T05:00:00,2026-06-22T23:00:00,
eq-06,available,2026-06-23T05:00:00,2026-06-23T23:00:00,
eq-06,available,2026-06-24T05:00:00,2026-06-24T23:00:00,
eq-06,available,2026-06-25T05:00:00,2026-06-25T23:00:00,
eq-06,available,2026-06-26T05:00:00,2026-06-26T23:00:00,
eq-06,available,2026-06-27T05:00:00,2026-06-27T23:00:00,
eq-06,available,2026-06-28T05:00:00,2026-06-28T23:00:00,
eq-06,available,2026-06-29T05:00:00,2026-06-29T23:00:00,
eq-06,available,2026-06-30T05:00:00,2026-06-30T23:00:00,
eq-06,available,2026-07-01T05:00:00,2026-07-01T23:00:00,
eq-06,available,2026-07-02T05:00:00,2026-07-02T23:00:00,
eq-06,available,2026-07-03T05:00:00,2026-07-03T23:00:00,
eq-06,available,2026-07-04T05:00:00,2026-07-04T23:00:00,
eq-06,available,2026-07-05T05:00:00,2026-07-05T23:00:00,
eq-06,available,2026-07-06T05:00:00,2026-07-06T23:00:00,
eq-06,available,2026-07-07T05:00:00,2026-07-07T23:00:00,
eq-06,available,2026-07-08T05:00:00,2026-07-08T23:00:00,
eq-06,available,2026-07-09T05:00:00,2026-07-09T23:00:00,
eq-06,available,2026-07-10T05:00:00,2026-07-10T23:00:00,
eq-06,available,2026-07-11T05:00:00,2026-07-11T23:00:00,
eq-06,available,2026-07-12T05:00:00,2026-07-12T23:00:00,
eq-06,available,2026-07-13T05:00:00,2026-07-13T23:00:00,
eq-06,available,2026-07-14T05:00:00,2026-07-14T23:00:00,
eq-06,available,2026-07-15T05:00:00,2026-07-15T23:00:00,
eq-06,available,2026-07-16T05:00:00,2026-07-16T23:00:00,
eq-06,available,2026-07-17T05:00:00,2026-07-17T23:00:00,
eq-06,available,2026-07-18T05:00:00,2026-07-18T23:00:00,
eq-06,available,2026-07-19T05:00:00,2026-07-19T23:00:00,
eq-06,available,2026-07-20T05:00:00,2026-07-20T23:00:00,
eq-06,available,2026-07-21T05:00:00,2026-07-21T23:00:00,
eq-06,available,2026-07-22T05:00:00,2026-07-22T23:00:00,
eq-06,available,2026-07-23T05:00:00,2026-07-23T23:00:00,
eq-06,available,2026-07-24T05:00:00,2026-07-24T23:00:00,
eq-06,available,2026-07-25T05:00:00,2026-07-25T23:00:00,
eq-06,available,2026-07-26T05:00:00,2026-07-26T23:00:00,
eq-06,available,2026-07-27T05:00:00,2026-07-27T23:00:00,
eq-06,available,2026-07-28T05:00:00,2026-07-28T23:00:00,
eq-06,available,2026-07-29T05:00:00,2026-07-29T23:00:00,
eq-06,available,2026-07-30T05:00:00,2026-07-30T23:00:00,
eq-06,available,2026-07-31T05:00:00,2026-07-31T23:00:00,
eq-06,available,2026-08-01T05:00:00,2026-08-01T23:00:00,
eq-06,available,2026-08-02T05:00:00,2026-08-02T23:00:00,
eq-06,available,2026-08-03T05:00:00,2026-08-03T23:00:00,
eq-06,available,2026-08-04T05:00:00,2026-08-04T23:00:00,
eq-06,available,2026-08-05T05:00:00,2026-08-05T23:00:00,
eq-06,available,2026-08-06T05:00:00,2026-08-06T23:00:00,
eq-06,available,2026-08-07T05:00:00,2026-08-07T23:00:00,
eq-06,available,2026-08-08T05:00:00,2026-08-08T23:00:00,
eq-06,available,2026-08-09T05:00:00,2026-08-09T23:00:00,
eq-06,available,2026-08-10T05:00:00,2026-08-10T23:00:00,
eq-06,available,2026-08-11T05:00:00,2026-08-11T23:00:00,
eq-06,available,2026-08-12T05:00:00,2026-08-12T23:00:00,
eq-06,available,2026-08-13T05:00:00,2026-08-13T23:00:00,
eq-06,available,2026-08-14T05:00:00,2026-08-14T23:00:00,
eq-06,available,2026-08-15T05:00:00,2026-08-15T23:00:00,
eq-06,available,2026-08-16T05:00:00,2026-08-16T23:00:00,
eq-06,available,2026-08-17T05:00:00,2026-08-17T23:00:00,
eq-06,available,2026-08-18T05:00:00,2026-08-18T23:00:00,
eq-06,available,2026-08-19T05:00:00,2026-08-19T23:00:00,
eq-06,available,2026-08-20T05:00:00,2026-08-20T23:00:00,
eq-06,available,2026-08-21T05:00:00,2026-08-21T23:00:00,
eq-06,available,2026-08-22T05:00:00,2026-08-22T23:00:00,
eq-06,available,2026-08-23T05:00:00,2026-08-23T23:00:00,
eq-06,available,2026-08-24T05:00:00,2026-08-24T23:00:00,
eq-06,available,2026-08-25T05:00:00,2026-08-25T23:00:00,
eq-06,available,2026-08-26T05:00:00,2026-08-26T23:00:00,
eq-06,available,2026-08-27T05:00:00,2026-08-27T23:00:00,
eq-06,available,2026-08-28T05:00:00,2026-08-28T23:00:00,
eq-06,available,2026-08-29T05:00:00,2026-08-29T23:00:00,
eq-06,available,2026-08-30T05:00:00,2026-08-30T23:00:00,
eq-06,available,2026-08-31T05:00:00,2026-08-31T23:00:00,
eq-07,available,2026-06-01T07:00:00,2026-06-01T20:00:00,
eq-07,available,2026-06-02T07:00:00,2026-06-02T20:00:00,
eq-07,available,2026-06-03T07:00:00,2026-06-03T20:00:00,
eq-07,available,2026-06-04T07:00:00,2026-06-04T20:00:00,
eq-07,available,2026-06-05T07:00:00,2026-06-05T20:00:00,
eq-07,available,2026-06-06T07:00:00,2026-06-06T20:00:00,
eq-07,available,2026-06-08T07:00:00,2026-06-08T20:00:00,
eq-07,available,2026-06-09T07:00:00,2026-06-09T20:00:00,
eq-07,available,2026-06-10T07:00:00,2026-06-10T20:00:00,
eq-07,available,2026-06-11T07:00:00,2026-06-11T20:00:00,
eq-07,available,2026-06-12T07:00:00,2026-06-12T20:00:00,
eq-07,available,2026-06-13T07:00:00,2026-06-13T20:00:00,
eq-07,available,2026-06-15T07:00:00,2026-06-15T20:00:00,
eq-07,available,2026-06-16T07:00:00,2026-06-16T20:00:00,
eq-07,available,2026-06-17T07:00:00,2026-06-17T20:00:00,
eq-07,available,2026-06-18T07:00:00,2026-06-18T20:00:00,
eq-07,available,2026-06-19T07:00:00,2026-06-19T20:00:00,
eq-07,available,2026-06-20T07:00:00,2026-06-20T20:00:00,
eq-07,available,2026-06-22T07:00:00,2026-06-22T20:00:00,
eq-07,available,2026-06-23T07:00:00,2026-06-23T20:00:00,
eq-07,available,2026-06-24T07:00:00,2026-06-24T20:00:00,
eq-07,available,2026-06-25T07:00:00,2026-06-25T20:00:00,
eq-07,available,2026-06-26T07:00:00,2026-06-26T20:00:00,
eq-07,available,2026-06-27T07:00:00,2026-06-27T20:00:00,
eq-07,available,2026-06-29T07:00:00,2026-06-29T20:00:00,
eq-07,available,2026-06-30T07:00:00,2026-06-30T20:00:00,
eq-07,available,2026-07-01T07:00:00,2026-07-01T20:00:00,
eq-07,available,2026-07-02T07:00:00,2026-07-02T20:00:00,
eq-07,available,2026-07-03T07:00:00,2026-07-03T20:00:00,
eq-07,available,2026-07-04T07:00:00,2026-07-04T20:00:00,
eq-07,available,2026-07-06T07:00:00,2026-07-06T20:00:00,
eq-07,available,2026-07-07T07:00:00,2026-07-07T20:00:00,
eq-07,available,2026-07-08T07:00:00,2026-07-08T20:00:00,
eq-07,available,2026-07-09T07:00:00,2026-07-09T20:00:00,
eq-07,available,2026-07-10T07:00:00,2026-07-10T20:00:00,
eq-07,available,2026-07-11T07:00:00,2026-07-11T20:00:00,
eq-07,available,2026-07-13T07:00:00,2026-07-13T20:00:00,
eq-07,available,2026-07-14T07:00:00,2026-07-14T20:00:00,
eq-07,available,2026-07-15T07:00:00,2026-07-15T20:00:00,
eq-07,available,2026-07-16T07:00:00,2026-07-16T20:00:00,
eq-07,available,2026-07-17T07:00:00,2026-07-17T20:00:00,
eq-07,available,2026-07-18T07:00:00,2026-07-18T20:00:00,
eq-07,available,2026-07-20T07:00:00,2026-07-20T20:00:00,
eq-07,available,2026-07-21T07:00:00,2026-07-21T20:00:00,
eq-07,available,2026-07-22T07:00:00,2026-07-22T20:00:00,
eq-07,available,2026-07-23T07:00:00,2026-07-23T20:00:00,
eq-07,available,2026-07-24T07:00:00,2026-07-24T20:00:00,
eq-07,available,2026-07-25T07:00:00,2026-07-25T20:00:00,
eq-07,available,2026-07-27T07:00:00,2026-07-27T20:00:00,
eq-07,available,2026-07-28T07:00:00,2026-07-28T20:00:00,
eq-07,available,2026-07-29T07:00:00,2026-07-29T20:00:00,
eq-07,available,2026-07-30T07:00:00,2026-07-30T20:00:00,
eq-07,available,2026-07-31T07:00:00,2026-07-31T20:00:00,
eq-07,available,2026-08-01T07:00:00,2026-08-01T20:00:00,
eq-07,available,2026-08-03T07:00:00,2026-08-03T20:00:00,
eq-07,available,2026-08-04T07:00:00,2026-08-04T20:00:00,
eq-07,available,2026-08-05T07:00:00,2026-08-05T20:00:00,
eq-07,available,2026-08-06T07:00:00,2026-08-06T20:00:00,
eq-07,available,2026-08-07T07:00:00,2026-08-07T20:00:00,
eq-07,available,2026-08-08T07:00:00,2026-08-08T20:00:00,
eq-07,available,2026-08-10T07:00:00,2026-08-10T20:00:00,
eq-07,available,2026-08-11T07:00:00,2026-08-11T20:00:00,
eq-07,available,2026-08-12T07:00:00,2026-08-12T20:00:00,
eq-07,available,2026-08-13T07:00:00,2026-08-13T20:00:00,
eq-07,available,2026-08-14T07:00:00,2026-08-14T20:00:00,
eq-07,available,2026-08-15T07:00:00,2026-08-15T20:00:00,
eq-07,available,2026-08-17T07:00:00,2026-08-17T20:00:00,
eq-07,available,2026-08-18T07:00:00,2026-08-18T20:00:00,
eq-07,available,2026-08-19T07:00:00,2026-08-19T20:00:00,
eq-07,available,2026-08-20T07:00:00,2026-08-20T20:00:00,
eq-07,available,2026-08-21T07:00:00,2026-08-21T20:00:00,
eq-07,available,2026-08-22T07:00:00,2026-08-22T20:00:00,
eq-07,available,2026-08-24T07:00:00,2026-08-24T20:00:00,
eq-07,available,2026-08-25T07:00:00,2026-08-25T20:00:00,
eq-07,available,2026-08-26T07:00:00,2026-08-26T20:00:00,
eq-07,available,2026-08-27T07:00:00,2026-08-27T20:00:00,
eq-07,available,2026-08-28T07:00:00,2026-08-28T20:00:00,
eq-07,available,2026-08-29T07:00:00,2026-08-29T20:00:00,
eq-07,available,2026-08-31T07:00:00,2026-08-31T20:00:00,
eq-07,downtime,2026-07-06T00:00:00,2026-07-08T23:59:00,Sauna heating element service
eq-08,available,2026-06-01T07:00:00,2026-06-01T20:00:00,
eq-08,available,2026-06-02T07:00:00,2026-06-02T20:00:00,
eq-08,available,2026-06-03T07:00:00,2026-06-03T20:00:00,
eq-08,available,2026-06-04T07:00:00,2026-06-04T20:00:00,
eq-08,available,2026-06-05T07:00:00,2026-06-05T20:00:00,
eq-08,available,2026-06-06T07:00:00,2026-06-06T20:00:00,
eq-08,available,2026-06-08T07:00:00,2026-06-08T20:00:00,
eq-08,available,2026-06-09T07:00:00,2026-06-09T20:00:00,
eq-08,available,2026-06-10T07:00:00,2026-06-10T20:00:00,
eq-08,available,2026-06-11T07:00:00,2026-06-11T20:00:00,
eq-08,available,2026-06-12T07:00:00,2026-06-12T20:00:00,
eq-08,available,2026-06-13T07:00:00,2026-06-13T20:00:00,
eq-08,available,2026-06-15T07:00:00,2026-06-15T20:00:00,
eq-08,available,2026-06-16T07:00:00,2026-06-16T20:00:00,
eq-08,available,2026-06-17T07:00:00,2026-06-17T20:00:00,
eq-08,available,2026-06-18T07:00:00,2026-06-18T20:00:00,
eq-08,available,2026-06-19T07:00:00,2026-06-19T20:00:00,
eq-08,available,2026-06-20T07:00:00,2026-06-20T20:00:00,
eq-08,available,2026-06-22T07:00:00,2026-06-22T20:00:00,
eq-08,available,2026-06-23T07:00:00,2026-06-23T20:00:00,
eq-08,available,2026-06-24T07:00:00,2026-06-24T20:00:00,
eq-08,available,2026-06-25T07:00:00,2026-06-25T20:00:00,
eq-08,available,2026-06-26T07:00:00,2026-06-26T20:00:00,
eq-08,available,2026-06-27T07:00:00,2026-06-27T20:00:00,
eq-08,available,2026-06-29T07:00:00,2026-06-29T20:00:00,
eq-08,available,2026-06-30T07:00:00,2026-06-30T20:00:00,
eq-08,available,2026-07-01T07:00:00,2026-07-01T20:00:00,
eq-08,available,2026-07-02T07:00:00,2026-07-02T20:00:00,
eq-08,available,2026-07-03T07:00:00,2026-07-03T20:00:00,
eq-08,available,2026-07-04T07:00:00,2026-07-04T20:00:00,
eq-08,available,2026-07-06T07:00:00,2026-07-06T20:00:00,
eq-08,available,2026-07-07T07:00:00,2026-07-07T20:00:00,
eq-08,available,2026-07-08T07:00:00,2026-07-08T20:00:00,
eq-08,available,2026-07-09T07:00:00,2026-07-09T20:00:00,
eq-08,available,2026-07-10T07:00:00,2026-07-10T20:00:00,
eq-08,available,2026-07-11T07:00:00,2026-07-11T20:00:00,
eq-08,available,2026-07-13T07:00:00,2026-07-13T20:00:00,
eq-08,available,2026-07-14T07:00:00,2026-07-14T20:00:00,
eq-08,available,2026-07-15T07:00:00,2026-07-15T20:00:00,
eq-08,available,2026-07-16T07:00:00,2026-07-16T20:00:00,
eq-08,available,2026-07-17T07:00:00,2026-07-17T20:00:00,
eq-08,available,2026-07-18T07:00:00,2026-07-18T20:00:00,
eq-08,available,2026-07-20T07:00:00,2026-07-20T20:00:00,
eq-08,available,2026-07-21T07:00:00,2026-07-21T20:00:00,
eq-08,available,2026-07-22T07:00:00,2026-07-22T20:00:00,
eq-08,available,2026-07-23T07:00:00,2026-07-23T20:00:00,
eq-08,available,2026-07-24T07:00:00,2026-07-24T20:00:00,
eq-08,available,2026-07-25T07:00:00,2026-07-25T20:00:00,
eq-08,available,2026-07-27T07:00:00,2026-07-27T20:00:00,
eq-08,available,2026-07-28T07:00:00,2026-07-28T20:00:00,
eq-08,available,2026-07-29T07:00:00,2026-07-29T20:00:00,
eq-08,available,2026-07-30T07:00:00,2026-07-30T20:00:00,
eq-08,available,2026-07-31T07:00:00,2026-07-31T20:00:00,
eq-08,available,2026-08-01T07:00:00,2026-08-01T20:00:00,
eq-08,available,2026-08-03T07:00:00,2026-08-03T20:00:00,
eq-08,available,2026-08-04T07:00:00,2026-08-04T20:00:00,
eq-08,available,2026-08-05T07:00:00,2026-08-05T20:00:00,
eq-08,available,2026-08-06T07:00:00,2026-08-06T20:00:00,
eq-08,available,2026-08-07T07:00:00,2026-08-07T20:00:00,
eq-08,available,2026-08-08T07:00:00,2026-08-08T20:00:00,
eq-08,available,2026-08-10T07:00:00,2026-08-10T20:00:00,
eq-08,available,2026-08-11T07:00:00,2026-08-11T20:00:00,
eq-08,available,2026-08-12T07:00:00,2026-08-12T20:00:00,
eq-08,available,2026-08-13T07:00:00,2026-08-13T20:00:00,
eq-08,available,2026-08-14T07:00:00,2026-08-14T20:00:00,
eq-08,available,2026-08-15T07:00:00,2026-08-15T20:00:00,
eq-08,available,2026-08-17T07:00:00,2026-08-17T20:00:00,
eq-08,available,2026-08-18T07:00:00,2026-08-18T20:00:00,
eq-08,available,2026-08-19T07:00:00,2026-08-19T20:00:00,
eq-08,available,2026-08-20T07:00:00,2026-08-20T20:00:00,
eq-08,available,2026-08-21T07:00:00,2026-08-21T20:00:00,
eq-08,available,2026-08-22T07:00:00,2026-08-22T20:00:00,
eq-08,available,2026-08-24T07:00:00,2026-08-24T20:00:00,
eq-08,available,2026-08-25T07:00:00,2026-08-25T20:00:00,
eq-08,available,2026-08-26T07:00:00,2026-08-26T20:00:00,
eq-08,available,2026-08-27T07:00:00,2026-08-27T20:00:00,
eq-08,available,2026-08-28T07:00:00,2026-08-28T20:00:00,
eq-08,available,2026-08-29T07:00:00,2026-08-29T20:00:00,
eq-08,available,2026-08-31T07:00:00,2026-08-31T20:00:00,
eq-08,downtime,2026-08-10T00:00:00,2026-08-12T23:59:00,Ice bath chiller repair
eq-09,available,2026-06-01T05:00:00,2026-06-01T23:00:00,
eq-09,available,2026-06-02T05:00:00,2026-06-02T23:00:00,
eq-09,available,2026-06-03T05:00:00,2026-06-03T23:00:00,
eq-09,available,2026-06-04T05:00:00,2026-06-04T23:00:00,
eq-09,available,2026-06-05T05:00:00,2026-06-05T23:00:00,
eq-09,available,2026-06-06T05:00:00,2026-06-06T23:00:00,
eq-09,available,2026-06-07T05:00:00,2026-06-07T23:00:00,
eq-09,available,2026-06-08T05:00:00,2026-06-08T23:00:00,
eq-09,available,2026-06-09T05:00:00,2026-06-09T23:00:00,
eq-09,available,2026-06-10T05:00:00,2026-06-10T23:00:00,
eq-09,available,2026-06-11T05:00:00,2026-06-11T23:00:00,
eq-09,available,2026-06-12T05:00:00,2026-06-12T23:00:00,
eq-09,available,2026-06-13T05:00:00,2026-06-13T23:00:00,
eq-09,available,2026-06-14T05:00:00,2026-06-14T23:00:00,
eq-09,available,2026-06-15T05:00:00,2026-06-15T23:00:00,
eq-09,available,2026-06-16T05:00:00,2026-06-16T23:00:00,
eq-09,available,2026-06-17T05:00:00,2026-06-17T23:00:00,
eq-09,available,2026-06-18T05:00:00,2026-06-18T23:00:00,
eq-09,available,2026-06-19T05:00:00,2026-06-19T23:00:00,
eq-09,available,2026-06-20T05:00:00,2026-06-20T23:00:00,
eq-09,available,2026-06-21T05:00:00,2026-06-21T23:00:00,
eq-09,available,2026-06-22T05:00:00,2026-06-22T23:00:00,
eq-09,available,2026-06-23T05:00:00,2026-06-23T23:00:00,
eq-09,available,2026-06-24T05:00:00,2026-06-24T23:00:00,
eq-09,available,2026-06-25T05:00:00,2026-06-25T23:00:00,
eq-09,available,2026-06-26T05:00:00,2026-06-26T23:00:00,
eq-09,available,2026-06-27T05:00:00,2026-06-27T23:00:00,
eq-09,available,2026-06-28T05:00:00,2026-06-28T23:00:00,
eq-09,available,2026-06-29T05:00:00,2026-06-29T23:00:00,
eq-09,available,2026-06-30T05:00:00,2026-06-30T23:00:00,
eq-09,available,2026-07-01T05:00:00,2026-07-01T23:00:00,
eq-09,available,2026-07-02T05:00:00,2026-07-02T23:00:00,
eq-09,available,2026-07-03T05:00:00,2026-07-03T23:00:00,
eq-09,available,2026-07-04T05:00:00,2026-07-04T23:00:00,
eq-09,available,2026-07-05T05:00:00,2026-07-05T23:00:00,
eq-09,available,2026-07-06T05:00:00,2026-07-06T23:00:00,
eq-09,available,2026-07-07T05:00:00,2026-07-07T23:00:00,
eq-09,available,2026-07-08T05:00:00,2026-07-08T23:00:00,
eq-09,available,2026-07-09T05:00:00,2026-07-09T23:00:00,
eq-09,available,2026-07-10T05:00:00,2026-07-10T23:00:00,
eq-09,available,2026-07-11T05:00:00,2026-07-11T23:00:00,
eq-09,available,2026-07-12T05:00:00,2026-07-12T23:00:00,
eq-09,available,2026-07-13T05:00:00,2026-07-13T23:00:00,
eq-09,available,2026-07-14T05:00:00,2026-07-14T23:00:00,
eq-09,available,2026-07-15T05:00:00,2026-07-15T23:00:00,
eq-09,available,2026-07-16T05:00:00,2026-07-16T23:00:00,
eq-09,available,2026-07-17T05:00:00,2026-07-17T23:00:00,
eq-09,available,2026-07-18T05:00:00,2026-07-18T23:00:00,
eq-09,available,2026-07-19T05:00:00,2026-07-19T23:00:00,
eq-09,available,2026-07-20T05:00:00,2026-07-20T23:00:00,
eq-09,available,2026-07-21T05:00:00,2026-07-21T23:00:00,
eq-09,available,2026-07-22T05:00:00,2026-07-22T23:00:00,
eq-09,available,2026-07-23T05:00:00,2026-07-23T23:00:00,
eq-09,available,2026-07-24T05:00:00,2026-07-24T23:00:00,
eq-09,available,2026-07-25T05:00:00,2026-07-25T23:00:00,
eq-09,available,2026-07-26T05:00:00,2026-07-26T23:00:00,
eq-09,available,2026-07-27T05:00:00,2026-07-27T23:00:00,
eq-09,available,2026-07-28T05:00:00,2026-07-28T23:00:00,
eq-09,available,2026-07-29T05:00:00,2026-07-29T23:00:00,
eq-09,available,2026-07-30T05:00:00,2026-07-30T23:00:00,
eq-09,available,2026-07-31T05:00:00,2026-07-31T23:00:00,
eq-09,available,2026-08-01T05:00:00,2026-08-01T23:00:00,
eq-09,available,2026-08-02T05:00:00,2026-08-02T23:00:00,
eq-09,available,2026-08-03T05:00:00,2026-08-03T23:00:00,
eq-09,available,2026-08-04T05:00:00,2026-08-04T23:00:00,
eq-09,available,2026-08-05T05:00:00,2026-08-05T23:00:00,
eq-09,available,2026-08-06T05:00:00,2026-08-06T23:00:00,
eq-09,available,2026-08-07T05:00:00,2026-08-07T23:00:00,
eq-09,available,2026-08-08T05:00:00,2026-08-08T23:00:00,
eq-09,available,2026-08-09T05:00:00,2026-08-09T23:00:00,
eq-09,available,2026-08-10T05:00:00,2026-08-10T23:00:00,
eq-09,available,2026-08-11T05:00:00,2026-08-11T23:00:00,
eq-09,available,2026-08-12T05:00:00,2026-08-12T23:00:00,
eq-09,available,2026-08-13T05:00:00,2026-08-13T23:00:00,
eq-09,available,2026-08-14T05:00:00,2026-08-14T23:00:00,
eq-09,available,2026-08-15T05:00:00,2026-08-15T23:00:00,
eq-09,available,2026-08-16T05:00:00,2026-08-16T23:00:00,
eq-09,available,2026-08-17T05:00:00,2026-08-17T23:00:00,
eq-09,available,2026-08-18T05:00:00,2026-08-18T23:00:00,
eq-09,available,2026-08-19T05:00:00,2026-08-19T23:00:00,
eq-09,available,2026-08-20T05:00:00,2026-08-20T23:00:00,
eq-09,available,2026-08-21T05:00:00,2026-08-21T23:00:00,
eq-09,available,2026-08-22T05:00:00,2026-08-22T23:00:00,
eq-09,available,2026-08-23T05:00:00,2026-08-23T23:00:00,
eq-09,available,2026-08-24T05:00:00,2026-08-24T23:00:00,
eq-09,available,2026-08-25T05:00:00,2026-08-25T23:00:00,
eq-09,available,2026-08-26T05:00:00,2026-08-26T23:00:00,
eq-09,available,2026-08-27T05:00:00,2026-08-27T23:00:00,
eq-09,available,2026-08-28T05:00:00,2026-08-28T23:00:00,
eq-09,available,2026-08-29T05:00:00,2026-08-29T23:00:00,
eq-09,available,2026-08-30T05:00:00,2026-08-30T23:00:00,
eq-09,available,2026-08-31T05:00:00,2026-08-31T23:00:00,
eq-10,available,2026-06-01T05:00:00,2026-06-01T23:00:00,
eq-10,available,2026-06-02T05:00:00,2026-06-02T23:00:00,
eq-10,available,2026-06-03T05:00:00,2026-06-03T23:00:00,
eq-10,available,2026-06-04T05:00:00,2026-06-04T23:00:00,
eq-10,available,2026-06-05T05:00:00,2026-06-05T23:00:00,
eq-10,available,2026-06-06T05:00:00,2026-06-06T23:00:00,
eq-10,available,2026-06-07T05:00:00,2026-06-07T23:00:00,
eq-10,available,2026-06-08T05:00:00,2026-06-08T23:00:00,
eq-10,available,2026-06-09T05:00:00,2026-06-09T23:00:00,
eq-10,available,2026-06-10T05:00:00,2026-06-10T23:00:00,
eq-10,available,2026-06-11T05:00:00,2026-06-11T23:00:00,
eq-10,available,2026-06-12T05:00:00,2026-06-12T23:00:00,
eq-10,available,2026-06-13T05:00:00,2026-06-13T23:00:00,
eq-10,available,2026-06-14T05:00:00,2026-06-14T23:00:00,
eq-10,available,2026-06-15T05:00:00,2026-06-15T23:00:00,
eq-10,available,2026-06-16T05:00:00,2026-06-16T23:00:00,
eq-10,available,2026-06-17T05:00:00,2026-06-17T23:00:00,
eq-10,available,2026-06-18T05:00:00,2026-06-18T23:00:00,
eq-10,available,2026-06-19T05:00:00,2026-06-19T23:00:00,
eq-10,available,2026-06-20T05:00:00,2026-06-20T23:00:00,
eq-10,available,2026-06-21T05:00:00,2026-06-21T23:00:00,
eq-10,available,2026-06-22T05:00:00,2026-06-22T23:00:00,
eq-10,available,2026-06-23T05:00:00,2026-06-23T23:00:00,
eq-10,available,2026-06-24T05:00:00,2026-06-24T23:00:00,
eq-10,available,2026-06-25T05:00:00,2026-06-25T23:00:00,
eq-10,available,2026-06-26T05:00:00,2026-06-26T23:00:00,
eq-10,available,2026-06-27T05:00:00,2026-06-27T23:00:00,
eq-10,available,2026-06-28T05:00:00,2026-06-28T23:00:00,
eq-10,available,2026-06-29T05:00:00,2026-06-29T23:00:00,
eq-10,available,2026-06-30T05:00:00,2026-06-30T23:00:00,
eq-10,available,2026-07-01T05:00:00,2026-07-01T23:00:00,
eq-10,available,2026-07-02T05:00:00,2026-07-02T23:00:00,
eq-10,available,2026-07-03T05:00:00,2026-07-03T23:00:00,
eq-10,available,2026-07-04T05:00:00,2026-07-04T23:00:00,
eq-10,available,2026-07-05T05:00:00,2026-07-05T23:00:00,
eq-10,available,2026-07-06T05:00:00,2026-07-06T23:00:00,
eq-10,available,2026-07-07T05:00:00,2026-07-07T23:00:00,
eq-10,available,2026-07-08T05:00:00,2026-07-08T23:00:00,
eq-10,available,2026-07-09T05:00:00,2026-07-09T23:00:00,
eq-10,available,2026-07-10T05:00:00,2026-07-10T23:00:00,
eq-10,available,2026-07-11T05:00:00,2026-07-11T23:00:00,
eq-10,available,2026-07-12T05:00:00,2026-07-12T23:00:00,
eq-10,available,2026-07-13T05:00:00,2026-07-13T23:00:00,
eq-10,available,2026-07-14T05:00:00,2026-07-14T23:00:00,
eq-10,available,2026-07-15T05:00:00,2026-07-15T23:00:00,
eq-10,available,2026-07-16T05:00:00,2026-07-16T23:00:00,
eq-10,available,2026-07-17T05:00:00,2026-07-17T23:00:00,
eq-10,available,2026-07-18T05:00:00,2026-07-18T23:00:00,
eq-10,available,2026-07-19T05:00:00,2026-07-19T23:00:00,
eq-10,available,2026-07-20T05:00:00,2026-07-20T23:00:00,
eq-10,available,2026-07-21T05:00:00,2026-07-21T23:00:00,
eq-10,available,2026-07-22T05:00:00,2026-07-22T23:00:00,
eq-10,available,2026-07-23T05:00:00,2026-07-23T23:00:00,
eq-10,available,2026-07-24T05:00:00,2026-07-24T23:00:00,
eq-10,available,2026-07-25T05:00:00,2026-07-25T23:00:00,
eq-10,available,2026-07-26T05:00:00,2026-07-26T23:00:00,
eq-10,available,2026-07-27T05:00:00,2026-07-27T23:00:00,
eq-10,available,2026-07-28T05:00:00,2026-07-28T23:00:00,
eq-10,available,2026-07-29T05:00:00,2026-07-29T23:00:00,
eq-10,available,2026-07-30T05:00:00,2026-07-30T23:00:00,
eq-10,available,2026-07-31T05:00:00,2026-07-31T23:00:00,
eq-10,available,2026-08-01T05:00:00,2026-08-01T23:00:00,
eq-10,available,2026-08-02T05:00:00,2026-08-02T23:00:00,
eq-10,available,2026-08-03T05:00:00,2026-08-03T23:00:00,
eq-10,available,2026-08-04T05:00:00,2026-08-04T23:00:00,
eq-10,available,2026-08-05T05:00:00,2026-08-05T23:00:00,
eq-10,available,2026-08-06T05:00:00,2026-08-06T23:00:00,
eq-10,available,2026-08-07T05:00:00,2026-08-07T23:00:00,
eq-10,available,2026-08-08T05:00:00,2026-08-08T23:00:00,
eq-10,available,2026-08-09T05:00:00,2026-08-09T23:00:00,
eq-10,available,2026-08-10T05:00:00,2026-08-10T23:00:00,
eq-10,available,2026-08-11T05:00:00,2026-08-11T23:00:00,
eq-10,available,2026-08-12T05:00:00,2026-08-12T23:00:00,
eq-10,available,2026-08-13T05:00:00,2026-08-13T23:00:00,
eq-10,available,2026-08-14T05:00:00,2026-08-14T23:00:00,
eq-10,available,2026-08-15T05:00:00,2026-08-15T23:00:00,
eq-10,available,2026-08-16T05:00:00,2026-08-16T23:00:00,
eq-10,available,2026-08-17T05:00:00,2026-08-17T23:00:00,
eq-10,available,2026-08-18T05:00:00,2026-08-18T23:00:00,
eq-10,available,2026-08-19T05:00:00,2026-08-19T23:00:00,
eq-10,available,2026-08-20T05:00:00,2026-08-20T23:00:00,
eq-10,available,2026-08-21T05:00:00,2026-08-21T23:00:00,
eq-10,available,2026-08-22T05:00:00,2026-08-22T23:00:00,
eq-10,available,2026-08-23T05:00:00,2026-08-23T23:00:00,
eq-10,available,2026-08-24T05:00:00,2026-08-24T23:00:00,
eq-10,available,2026-08-25T05:00:00,2026-08-25T23:00:00,
eq-10,available,2026-08-26T05:00:00,2026-08-26T23:00:00,
eq-10,available,2026-08-27T05:00:00,2026-08-27T23:00:00,
eq-10,available,2026-08-28T05:00:00,2026-08-28T23:00:00,
eq-10,available,2026-08-29T05:00:00,2026-08-29T23:00:00,
eq-10,available,2026-08-30T05:00:00,2026-08-30T23:00:00,
eq-10,available,2026-08-31T05:00:00,2026-08-31T23:00:00,
eq-11,available,2026-06-01T05:00:00,2026-06-01T23:00:00,
eq-11,available,2026-06-02T05:00:00,2026-06-02T23:00:00,
eq-11,available,2026-06-03T05:00:00,2026-06-03T23:00:00,
eq-11,available,2026-06-04T05:00:00,2026-06-04T23:00:00,
eq-11,available,2026-06-05T05:00:00,2026-06-05T23:00:00,
eq-11,available,2026-06-06T05:00:00,2026-06-06T23:00:00,
eq-11,available,2026-06-07T05:00:00,2026-06-07T23:00:00,
eq-11,available,2026-06-08T05:00:00,2026-06-08T23:00:00,
eq-11,available,2026-06-09T05:00:00,2026-06-09T23:00:00,
eq-11,available,2026-06-10T05:00:00,2026-06-10T23:00:00,
eq-11,available,2026-06-11T05:00:00,2026-06-11T23:00:00,
eq-11,available,2026-06-12T05:00:00,2026-06-12T23:00:00,
eq-11,available,2026-06-13T05:00:00,2026-06-13T23:00:00,
eq-11,available,2026-06-14T05:00:00,2026-06-14T23:00:00,
eq-11,available,2026-06-15T05:00:00,2026-06-15T23:00:00,
eq-11,available,2026-06-16T05:00:00,2026-06-16T23:00:00,
eq-11,available,2026-06-17T05:00:00,2026-06-17T23:00:00,
eq-11,available,2026-06-18T05:00:00,2026-06-18T23:00:00,
eq-11,available,2026-06-19T05:00:00,2026-06-19T23:00:00,
eq-11,available,2026-06-20T05:00:00,2026-06-20T23:00:00,
eq-11,available,2026-06-21T05:00:00,2026-06-21T23:00:00,
eq-11,available,2026-06-22T05:00:00,2026-06-22T23:00:00,
eq-11,available,2026-06-23T05:00:00,2026-06-23T23:00:00,
eq-11,available,2026-06-24T05:00:00,2026-06-24T23:00:00,
eq-11,available,2026-06-25T05:00:00,2026-06-25T23:00:00,
eq-11,available,2026-06-26T05:00:00,2026-06-26T23:00:00,
eq-11,available,2026-06-27T05:00:00,2026-06-27T23:00:00,
eq-11,available,2026-06-28T05:00:00,2026-06-28T23:00:00,
eq-11,available,2026-06-29T05:00:00,2026-06-29T23:00:00,
eq-11,available,2026-06-30T05:00:00,2026-06-30T23:00:00,
eq-11,available,2026-07-01T05:00:00,2026-07-01T23:00:00,
eq-11,available,2026-07-02T05:00:00,2026-07-02T23:00:00,
eq-11,available,2026-07-03T05:00:00,2026-07-03T23:00:00,
eq-11,available,2026-07-04T05:00:00,2026-07-04T23:00:00,
eq-11,available,2026-07-05T05:00:00,2026-07-05T23:00:00,
eq-11,available,2026-07-06T05:00:00,2026-07-06T23:00:00,
eq-11,available,2026-07-07T05:00:00,2026-07-07T23:00:00,
eq-11,available,2026-07-08T05:00:00,2026-07-08T23:00:00,
eq-11,available,2026-07-09T05:00:00,2026-07-09T23:00:00,
eq-11,available,2026-07-10T05:00:00,2026-07-10T23:00:00,
eq-11,available,2026-07-11T05:00:00,2026-07-11T23:00:00,
eq-11,available,2026-07-12T05:00:00,2026-07-12T23:00:00,
eq-11,available,2026-07-13T05:00:00,2026-07-13T23:00:00,
eq-11,available,2026-07-14T05:00:00,2026-07-14T23:00:00,
eq-11,available,2026-07-15T05:00:00,2026-07-15T23:00:00,
eq-11,available,2026-07-16T05:00:00,2026-07-16T23:00:00,
eq-11,available,2026-07-17T05:00:00,2026-07-17T23:00:00,
eq-11,available,2026-07-18T05:00:00,2026-07-18T23:00:00,
eq-11,available,2026-07-19T05:00:00,2026-07-19T23:00:00,
eq-11,available,2026-07-20T05:00:00,2026-07-20T23:00:00,
eq-11,available,2026-07-21T05:00:00,2026-07-21T23:00:00,
eq-11,available,2026-07-22T05:00:00,2026-07-22T23:00:00,
eq-11,available,2026-07-23T05:00:00,2026-07-23T23:00:00,
eq-11,available,2026-07-24T05:00:00,2026-07-24T23:00:00,
eq-11,available,2026-07-25T05:00:00,2026-07-25T23:00:00,
eq-11,available,2026-07-26T05:00:00,2026-07-26T23:00:00,
eq-11,available,2026-07-27T05:00:00,2026-07-27T23:00:00,
eq-11,available,2026-07-28T05:00:00,2026-07-28T23:00:00,
eq-11,available,2026-07-29T05:00:00,2026-07-29T23:00:00,
eq-11,available,2026-07-30T05:00:00,2026-07-30T23:00:00,
eq-11,available,2026-07-31T05:00:00,2026-07-31T23:00:00,
eq-11,available,2026-08-01T05:00:00,2026-08-01T23:00:00,
eq-11,available,2026-08-02T05:00:00,2026-08-02T23:00:00,
eq-11,available,2026-08-03T05:00:00,2026-08-03T23:00:00,
eq-11,available,2026-08-04T05:00:00,2026-08-04T23:00:00,
eq-11,available,2026-08-05T05:00:00,2026-08-05T23:00:00,
eq-11,available,2026-08-06T05:00:00,2026-08-06T23:00:00,
eq-11,available,2026-08-07T05:00:00,2026-08-07T23:00:00,
eq-11,available,2026-08-08T05:00:00,2026-08-08T23:00:00,
eq-11,available,2026-08-09T05:00:00,2026-08-09T23:00:00,
eq-11,available,2026-08-10T05:00:00,2026-08-10T23:00:00,
eq-11,available,2026-08-11T05:00:00,2026-08-11T23:00:00,
eq-11,available,2026-08-12T05:00:00,2026-08-12T23:00:00,
eq-11,available,2026-08-13T05:00:00,2026-08-13T23:00:00,
eq-11,available,2026-08-14T05:00:00,2026-08-14T23:00:00,
eq-11,available,2026-08-15T05:00:00,2026-08-15T23:00:00,
eq-11,available,2026-08-16T05:00:00,2026-08-16T23:00:00,
eq-11,available,2026-08-17T05:00:00,2026-08-17T23:00:00,
eq-11,available,2026-08-18T05:00:00,2026-08-18T23:00:00,
eq-11,available,2026-08-19T05:00:00,2026-08-19T23:00:00,
eq-11,available,2026-08-20T05:00:00,2026-08-20T23:00:00,
eq-11,available,2026-08-21T05:00:00,2026-08-21T23:00:00,
eq-11,available,2026-08-22T05:00:00,2026-08-22T23:00:00,
eq-11,available,2026-08-23T05:00:00,2026-08-23T23:00:00,
eq-11,available,2026-08-24T05:00:00,2026-08-24T23:00:00,
eq-11,available,2026-08-25T05:00:00,2026-08-25T23:00:00,
eq-11,available,2026-08-26T05:00:00,2026-08-26T23:00:00,
eq-11,available,2026-08-27T05:00:00,2026-08-27T23:00:00,
eq-11,available,2026-08-28T05:00:00,2026-08-28T23:00:00,
eq-11,available,2026-08-29T05:00:00,2026-08-29T23:00:00,
eq-11,available,2026-08-30T05:00:00,2026-08-30T23:00:00,
eq-11,available,2026-08-31T05:00:00,2026-08-31T23:00:00,
eq-12,available,2026-06-01T05:00:00,2026-06-01T23:00:00,
eq-12,available,2026-06-02T05:00:00,2026-06-02T23:00:00,
eq-12,available,2026-06-03T05:00:00,2026-06-03T23:00:00,
eq-12,available,2026-06-04T05:00:00,2026-06-04T23:00:00,
eq-12,available,2026-06-05T05:00:00,2026-06-05T23:00:00,
eq-12,available,2026-06-06T05:00:00,2026-06-06T23:00:00,
eq-12,available,2026-06-07T05:00:00,2026-06-07T23:00:00,
eq-12,available,2026-06-08T05:00:00,2026-06-08T23:00:00,
eq-12,available,2026-06-09T05:00:00,2026-06-09T23:00:00,
eq-12,available,2026-06-10T05:00:00,2026-06-10T23:00:00,
eq-12,available,2026-06-11T05:00:00,2026-06-11T23:00:00,
eq-12,available,2026-06-12T05:00:00,2026-06-12T23:00:00,
eq-12,available,2026-06-13T05:00:00,2026-06-13T23:00:00,
eq-12,available,2026-06-14T05:00:00,2026-06-14T23:00:00,
eq-12,available,2026-06-15T05:00:00,2026-06-15T23:00:00,
eq-12,available,2026-06-16T05:00:00,2026-06-16T23:00:00,
eq-12,available,2026-06-17T05:00:00,2026-06-17T23:00:00,
eq-12,available,2026-06-18T05:00:00,2026-06-18T23:00:00,
eq-12,available,2026-06-19T05:00:00,2026-06-19T23:00:00,
eq-12,available,2026-06-20T05:00:00,2026-06-20T23:00:00,
eq-12,available,2026-06-21T05:00:00,2026-06-21T23:00:00,
eq-12,available,2026-06-22T05:00:00,2026-06-22T23:00:00,
eq-12,available,2026-06-23T05:00:00,2026-06-23T23:00:00,
eq-12,available,2026-06-24T05:00:00,2026-06-24T23:00:00,
eq-12,available,2026-06-25T05:00:00,2026-06-25T23:00:00,
eq-12,available,2026-06-26T05:00:00,2026-06-26T23:00:00,
eq-12,available,2026-06-27T05:00:00,2026-06-27T23:00:00,
eq-12,available,2026-06-28T05:00:00,2026-06-28T23:00:00,
eq-12,available,2026-06-29T05:00:00,2026-06-29T23:00:00,
eq-12,available,2026-06-30T05:00:00,2026-06-30T23:00:00,
eq-12,available,2026-07-01T05:00:00,2026-07-01T23:00:00,
eq-12,available,2026-07-02T05:00:00,2026-07-02T23:00:00,
eq-12,available,2026-07-03T05:00:00,2026-07-03T23:00:00,
eq-12,available,2026-07-04T05:00:00,2026-07-04T23:00:00,
eq-12,available,2026-07-05T05:00:00,2026-07-05T23:00:00,
eq-12,available,2026-07-06T05:00:00,2026-07-06T23:00:00,
eq-12,available,2026-07-07T05:00:00,2026-07-07T23:00:00,
eq-12,available,2026-07-08T05:00:00,2026-07-08T23:00:00,
eq-12,available,2026-07-09T05:00:00,2026-07-09T23:00:00,
eq-12,available,2026-07-10T05:00:00,2026-07-10T23:00:00,
eq-12,available,2026-07-11T05:00:00,2026-07-11T23:00:00,
eq-12,available,2026-07-12T05:00:00,2026-07-12T23:00:00,
eq-12,available,2026-07-13T05:00:00,2026-07-13T23:00:00,
eq-12,available,2026-07-14T05:00:00,2026-07-14T23:00:00,
eq-12,available,2026-07-15T05:00:00,2026-07-15T23:00:00,
eq-12,available,2026-07-16T05:00:00,2026-07-16T23:00:00,
eq-12,available,2026-07-17T05:00:00,2026-07-17T23:00:00,
eq-12,available,2026-07-18T05:00:00,2026-07-18T23:00:00,
eq-12,available,2026-07-19T05:00:00,2026-07-19T23:00:00,
eq-12,available,2026-07-20T05:00:00,2026-07-20T23:00:00,
eq-12,available,2026-07-21T05:00:00,2026-07-21T23:00:00,
eq-12,available,2026-07-22T05:00:00,2026-07-22T23:00:00,
eq-12,available,2026-07-23T05:00:00,2026-07-23T23:00:00,
eq-12,available,2026-07-24T05:00:00,2026-07-24T23:00:00,
eq-12,available,2026-07-25T05:00:00,2026-07-25T23:00:00,
eq-12,available,2026-07-26T05:00:00,2026-07-26T23:00:00,
eq-12,available,2026-07-27T05:00:00,2026-07-27T23:00:00,
eq-12,available,2026-07-28T05:00:00,2026-07-28T23:00:00,
eq-12,available,2026-07-29T05:00:00,2026-07-29T23:00:00,
eq-12,available,2026-07-30T05:00:00,2026-07-30T23:00:00,
eq-12,available,2026-07-31T05:00:00,2026-07-31T23:00:00,
eq-12,available,2026-08-01T05:00:00,2026-08-01T23:00:00,
eq-12,available,2026-08-02T05:00:00,2026-08-02T23:00:00,
eq-12,available,2026-08-03T05:00:00,2026-08-03T23:00:00,
eq-12,available,2026-08-04T05:00:00,2026-08-04T23:00:00,
eq-12,available,2026-08-05T05:00:00,2026-08-05T23:00:00,
eq-12,available,2026-08-06T05:00:00,2026-08-06T23:00:00,
eq-12,available,2026-08-07T05:00:00,2026-08-07T23:00:00,
eq-12,available,2026-08-08T05:00:00,2026-08-08T23:00:00,
eq-12,available,2026-08-09T05:00:00,2026-08-09T23:00:00,
eq-12,available,2026-08-10T05:00:00,2026-08-10T23:00:00,
eq-12,available,2026-08-11T05:00:00,2026-08-11T23:00:00,
eq-12,available,2026-08-12T05:00:00,2026-08-12T23:00:00,
eq-12,available,2026-08-13T05:00:00,2026-08-13T23:00:00,
eq-12,available,2026-08-14T05:00:00,2026-08-14T23:00:00,
eq-12,available,2026-08-15T05:00:00,2026-08-15T23:00:00,
eq-12,available,2026-08-16T05:00:00,2026-08-16T23:00:00,
eq-12,available,2026-08-17T05:00:00,2026-08-17T23:00:00,
eq-12,available,2026-08-18T05:00:00,2026-08-18T23:00:00,
eq-12,available,2026-08-19T05:00:00,2026-08-19T23:00:00,
eq-12,available,2026-08-20T05:00:00,2026-08-20T23:00:00,
eq-12,available,2026-08-21T05:00:00,2026-08-21T23:00:00,
eq-12,available,2026-08-22T05:00:00,2026-08-22T23:00:00,
eq-12,available,2026-08-23T05:00:00,2026-08-23T23:00:00,
eq-12,available,2026-08-24T05:00:00,2026-08-24T23:00:00,
eq-12,available,2026-08-25T05:00:00,2026-08-25T23:00:00,
eq-12,available,2026-08-26T05:00:00,2026-08-26T23:00:00,
eq-12,available,2026-08-27T05:00:00,2026-08-27T23:00:00,
eq-12,available,2026-08-28T05:00:00,2026-08-28T23:00:00,
eq-12,available,2026-08-29T05:00:00,2026-08-29T23:00:00,
eq-12,available,2026-08-30T05:00:00,2026-08-30T23:00:00,
eq-12,available,2026-08-31T05:00:00,2026-08-31T23:00:00,
sp-01,available,2026-06-02T09:00:00,2026-06-02T17:00:00,
sp-01,available,2026-06-04T09:00:00,2026-06-04T17:00:00,
sp-01,available,2026-06-09T09:00:00,2026-06-09T17:00:00,
sp-01,available,2026-06-11T09:00:00,2026-06-11T17:00:00,
sp-01,available,2026-06-16T09:00:00,2026-06-16T17:00:00,
sp-01,available,2026-06-18T09:00:00,2026-06-18T17:00:00,
sp-01,available,2026-06-23T09:00:00,2026-06-23T17:00:00,
sp-01,available,2026-06-25T09:00:00,2026-06-25T17:00:00,
sp-01,available,2026-06-30T09:00:00,2026-06-30T17:00:00,
sp-01,available,2026-07-02T09:00:00,2026-07-02T17:00:00,
sp-01,available,2026-07-07T09:00:00,2026-07-07T17:00:00,
sp-01,available,2026-07-09T09:00:00,2026-07-09T17:00:00,
sp-01,available,2026-07-14T09:00:00,2026-07-14T17:00:00,
sp-01,available,2026-07-16T09:00:00,2026-07-16T17:00:00,
sp-01,available,2026-07-21T09:00:00,2026-07-21T17:00:00,
sp-01,available,2026-07-23T09:00:00,2026-07-23T17:00:00,
sp-01,available,2026-07-28T09:00:00,2026-07-28T17:00:00,
sp-01,available,2026-07-30T09:00:00,2026-07-30T17:00:00,
sp-01,available,2026-08-04T09:00:00,2026-08-04T17:00:00,
sp-01,available,2026-08-06T09:00:00,2026-08-06T17:00:00,
sp-01,available,2026-08-11T09:00:00,2026-08-11T17:00:00,
sp-01,available,2026-08-13T09:00:00,2026-08-13T17:00:00,
sp-01,available,2026-08-18T09:00:00,2026-08-18T17:00:00,
sp-01,available,2026-08-20T09:00:00,2026-08-20T17:00:00,
sp-01,available,2026-08-25T09:00:00,2026-08-25T17:00:00,
sp-01,available,2026-08-27T09:00:00,2026-08-27T17:00:00,
sp-02,available,2026-06-03T09:00:00,2026-06-03T15:00:00,
sp-02,available,2026-06-10T09:00:00,2026-06-10T15:00:00,
sp-02,available,2026-06-17T09:00:00,2026-06-17T15:00:00,
sp-02,available,2026-06-24T09:00:00,2026-06-24T15:00:00,
sp-02,available,2026-07-01T09:00:00,2026-07-01T15:00:00,
sp-02,available,2026-07-08T09:00:00,2026-07-08T15:00:00,
sp-02,available,2026-07-15T09:00:00,2026-07-15T15:00:00,
sp-02,available,2026-07-22T09:00:00,2026-07-22T15:00:00,
sp-02,available,2026-07-29T09:00:00,2026-07-29T15:00:00,
sp-02,available,2026-08-05T09:00:00,2026-08-05T15:00:00,
sp-02,available,2026-08-12T09:00:00,2026-08-12T15:00:00,
sp-02,available,2026-08-19T09:00:00,2026-08-19T15:00:00,
sp-02,available,2026-08-26T09:00:00,2026-08-26T15:00:00,
sp-02,downtime,2026-07-15T00:00:00,2026-07-15T23:59:00,Cardiology clinic cancelled (conference)
sp-03,available,2026-06-01T10:00:00,2026-06-01T16:00:00,
sp-03,available,2026-06-04T10:00:00,2026-06-04T16:00:00,
sp-03,available,2026-06-08T10:00:00,2026-06-08T16:00:00,
sp-03,available,2026-06-11T10:00:00,2026-06-11T16:00:00,
sp-03,available,2026-06-15T10:00:00,2026-06-15T16:00:00,
sp-03,available,2026-06-18T10:00:00,2026-06-18T16:00:00,
sp-03,available,2026-06-22T10:00:00,2026-06-22T16:00:00,
sp-03,available,2026-06-25T10:00:00,2026-06-25T16:00:00,
sp-03,available,2026-06-29T10:00:00,2026-06-29T16:00:00,
sp-03,available,2026-07-02T10:00:00,2026-07-02T16:00:00,
sp-03,available,2026-07-06T10:00:00,2026-07-06T16:00:00,
sp-03,available,2026-07-09T10:00:00,2026-07-09T16:00:00,
sp-03,available,2026-07-13T10:00:00,2026-07-13T16:00:00,
sp-03,available,2026-07-16T10:00:00,2026-07-16T16:00:00,
sp-03,available,2026-07-20T10:00:00,2026-07-20T16:00:00,
sp-03,available,2026-07-23T10:00:00,2026-07-23T16:00:00,
sp-03,available,2026-07-27T10:00:00,2026-07-27T16:00:00,
sp-03,available,2026-07-30T10:00:00,2026-07-30T16:00:00,
sp-03,available,2026-08-03T10:00:00,2026-08-03T16:00:00,
sp-03,available,2026-08-06T10:00:00,2026-08-06T16:00:00,
sp-03,available,2026-08-10T10:00:00,2026-08-10T16:00:00,
sp-03,available,2026-08-13T10:00:00,2026-08-13T16:00:00,
sp-03,available,2026-08-17T10:00:00,2026-08-17T16:00:00,
sp-03,available,2026-08-20T10:00:00,2026-08-20T16:00:00,
sp-03,available,2026-08-24T10:00:00,2026-08-24T16:00:00,
sp-03,available,2026-08-27T10:00:00,2026-08-27T16:00:00,
sp-03,available,2026-08-31T10:00:00,2026-08-31T16:00:00,
sp-04,available,2026-06-05T09:00:00,2026-06-05T14:00:00,
sp-04,available,2026-06-12T09:00:00,2026-06-12T14:00:00,
sp-04,available,2026-06-19T09:00:00,2026-06-19T14:00:00,
sp-04,available,2026-06-26T09:00:00,2026-06-26T14:00:00,
sp-04,available,2026-07-03T09:00:00,2026-07-03T14:00:00,
sp-04,available,2026-07-10T09:00:00,2026-07-10T14:00:00,
sp-04,available,2026-07-17T09:00:00,2026-07-17T14:00:00,
sp-04,available,2026-07-24T09:00:00,2026-07-24T14:00:00,
sp-04,available,2026-07-31T09:00:00,2026-07-31T14:00:00,
sp-04,available,2026-08-07T09:00:00,2026-08-07T14:00:00,
sp-04,available,2026-08-14T09:00:00,2026-08-14T14:00:00,
sp-04,available,2026-08-21T09:00:00,2026-08-21T14:00:00,
sp-04,available,2026-08-28T09:00:00,2026-08-28T14:00:00,
sp-05,available,2026-06-02T08:00:00,2026-06-02T13:00:00,
sp-05,available,2026-06-05T08:00:00,2026-06-05T13:00:00,
sp-05,available,2026-06-09T08:00:00,2026-06-09T13:00:00,
sp-05,available,2026-06-12T08:00:00,2026-06-12T13:00:00,
sp-05,available,2026-06-16T08:00:00,2026-06-16T13:00:00,
sp-05,available,2026-06-19T08:00:00,2026-06-19T13:00:00,
sp-05,available,2026-06-23T08:00:00,2026-06-23T13:00:00,
sp-05,available,2026-06-26T08:00:00,2026-06-26T13:00:00,
sp-05,available,2026-06-30T08:00:00,2026-06-30T13:00:00,
sp-05,available,2026-07-03T08:00:00,2026-07-03T13:00:00,
sp-05,available,2026-07-07T08:00:00,2026-07-07T13:00:00,
sp-05,available,2026-07-10T08:00:00,2026-07-10T13:00:00,
sp-05,available,2026-07-14T08:00:00,2026-07-14T13:00:00,
sp-05,available,2026-07-17T08:00:00,2026-07-17T13:00:00,
sp-05,available,2026-07-21T08:00:00,2026-07-21T13:00:00,
sp-05,available,2026-07-24T08:00:00,2026-07-24T13:00:00,
sp-05,available,2026-07-28T08:00:00,2026-07-28T13:00:00,
sp-05,available,2026-07-31T08:00:00,2026-07-31T13:00:00,
sp-05,available,2026-08-04T08:00:00,2026-08-04T13:00:00,
sp-05,available,2026-08-07T08:00:00,2026-08-07T13:00:00,
sp-05,available,2026-08-11T08:00:00,2026-08-11T13:00:00,
sp-05,available,2026-08-14T08:00:00,2026-08-14T13:00:00,
sp-05,available,2026-08-18T08:00:00,2026-08-18T13:00:00,
sp-05,available,2026-08-21T08:00:00,2026-08-21T13:00:00,
sp-05,available,2026-08-25T08:00:00,2026-08-25T13:00:00,
sp-05,available,2026-08-28T08:00:00,2026-08-28T13:00:00,
sp-05,downtime,2026-06-30T00:00:00,2026-07-03T23:59:00,Sports medicine physician at symposium
ah-01,available,2026-06-01T07:00:00,2026-06-01T12:00:00,
ah-01,available,2026-06-03T07:00:00,2026-06-03T12:00:00,
ah-01,available,2026-06-05T07:00:00,2026-06-05T12:00:00,
ah-01,available,2026-06-08T07:00:00,2026-06-08T12:00:00,
ah-01,available,2026-06-10T07:00:00,2026-06-10T12:00:00,
ah-01,available,2026-06-12T07:00:00,2026-06-12T12:00:00,
ah-01,available,2026-06-15T07:00:00,2026-06-15T12:00:00,
ah-01,available,2026-06-17T07:00:00,2026-06-17T12:00:00,
ah-01,available,2026-06-19T07:00:00,2026-06-19T12:00:00,
ah-01,available,2026-06-22T07:00:00,2026-06-22T12:00:00,
ah-01,available,2026-06-24T07:00:00,2026-06-24T12:00:00,
ah-01,available,2026-06-26T07:00:00,2026-06-26T12:00:00,
ah-01,available,2026-06-29T07:00:00,2026-06-29T12:00:00,
ah-01,available,2026-07-01T07:00:00,2026-07-01T12:00:00,
ah-01,available,2026-07-03T07:00:00,2026-07-03T12:00:00,
ah-01,available,2026-07-06T07:00:00,2026-07-06T12:00:00,
ah-01,available,2026-07-08T07:00:00,2026-07-08T12:00:00,
ah-01,available,2026-07-10T07:00:00,2026-07-10T12:00:00,
ah-01,available,2026-07-13T07:00:00,2026-07-13T12:00:00,
ah-01,available,2026-07-15T07:00:00,2026-07-15T12:00:00,
ah-01,available,2026-07-17T07:00:00,2026-07-17T12:00:00,
ah-01,available,2026-07-20T07:00:00,2026-07-20T12:00:00,
ah-01,available,2026-07-22T07:00:00,2026-07-22T12:00:00,
ah-01,available,2026-07-24T07:00:00,2026-07-24T12:00:00,
ah-01,available,2026-07-27T07:00:00,2026-07-27T12:00:00,
ah-01,available,2026-07-29T07:00:00,2026-07-29T12:00:00,
ah-01,available,2026-07-31T07:00:00,2026-07-31T12:00:00,
ah-01,available,2026-08-03T07:00:00,2026-08-03T12:00:00,
ah-01,available,2026-08-05T07:00:00,2026-08-05T12:00:00,
ah-01,available,2026-08-07T07:00:00,2026-08-07T12:00:00,
ah-01,available,2026-08-10T07:00:00,2026-08-10T12:00:00,
ah-01,available,2026-08-12T07:00:00,2026-08-12T12:00:00,
ah-01,available,2026-08-14T07:00:00,2026-08-14T12:00:00,
ah-01,available,2026-08-17T07:00:00,2026-08-17T12:00:00,
ah-01,available,2026-08-19T07:00:00,2026-08-19T12:00:00,
ah-01,available,2026-08-21T07:00:00,2026-08-21T12:00:00,
ah-01,available,2026-08-24T07:00:00,2026-08-24T12:00:00,
ah-01,available,2026-08-26T07:00:00,2026-08-26T12:00:00,
ah-01,available,2026-08-28T07:00:00,2026-08-28T12:00:00,
ah-01,available,2026-08-31T07:00:00,2026-08-31T12:00:00,
ah-01,downtime,2026-07-13T00:00:00,2026-07-19T23:59:00,Trainer on annual leave
ah-02,available,2026-06-02T09:00:00,2026-06-02T15:00:00,
ah-02,available,2026-06-04T09:00:00,2026-06-04T15:00:00,
ah-02,available,2026-06-09T09:00:00,2026-06-09T15:00:00,
ah-02,available,2026-06-11T09:00:00,2026-06-11T15:00:00,
ah-02,available,2026-06-16T09:00:00,2026-06-16T15:00:00,
ah-02,available,2026-06-18T09:00:00,2026-06-18T15:00:00,
ah-02,available,2026-06-23T09:00:00,2026-06-23T15:00:00,
ah-02,available,2026-06-25T09:00:00,2026-06-25T15:00:00,
ah-02,available,2026-06-30T09:00:00,2026-06-30T15:00:00,
ah-02,available,2026-07-02T09:00:00,2026-07-02T15:00:00,
ah-02,available,2026-07-07T09:00:00,2026-07-07T15:00:00,
ah-02,available,2026-07-09T09:00:00,2026-07-09T15:00:00,
ah-02,available,2026-07-14T09:00:00,2026-07-14T15:00:00,
ah-02,available,2026-07-16T09:00:00,2026-07-16T15:00:00,
ah-02,available,2026-07-21T09:00:00,2026-07-21T15:00:00,
ah-02,available,2026-07-23T09:00:00,2026-07-23T15:00:00,
ah-02,available,2026-07-28T09:00:00,2026-07-28T15:00:00,
ah-02,available,2026-07-30T09:00:00,2026-07-30T15:00:00,
ah-02,available,2026-08-04T09:00:00,2026-08-04T15:00:00,
ah-02,available,2026-08-06T09:00:00,2026-08-06T15:00:00,
ah-02,available,2026-08-11T09:00:00,2026-08-11T15:00:00,
ah-02,available,2026-08-13T09:00:00,2026-08-13T15:00:00,
ah-02,available,2026-08-18T09:00:00,2026-08-18T15:00:00,
ah-02,available,2026-08-20T09:00:00,2026-08-20T15:00:00,
ah-02,available,2026-08-25T09:00:00,2026-08-25T15:00:00,
ah-02,available,2026-08-27T09:00:00,2026-08-27T15:00:00,
ah-02,downtime,2026-06-25T00:00:00,2026-06-25T23:59:00,Physiotherapist sick day
ah-03,available,2026-06-01T10:00:00,2026-06-01T18:00:00,
ah-03,available,2026-06-03T10:00:00,2026-06-03T18:00:00,
ah-03,available,2026-06-08T10:00:00,2026-06-08T18:00:00,
ah-03,available,2026-06-10T10:00:00,2026-06-10T18:00:00,
ah-03,available,2026-06-15T10:00:00,2026-06-15T18:00:00,
ah-03,available,2026-06-17T10:00:00,2026-06-17T18:00:00,
ah-03,available,2026-06-22T10:00:00,2026-06-22T18:00:00,
ah-03,available,2026-06-24T10:00:00,2026-06-24T18:00:00,
ah-03,available,2026-06-29T10:00:00,2026-06-29T18:00:00,
ah-03,available,2026-07-01T10:00:00,2026-07-01T18:00:00,
ah-03,available,2026-07-06T10:00:00,2026-07-06T18:00:00,
ah-03,available,2026-07-08T10:00:00,2026-07-08T18:00:00,
ah-03,available,2026-07-13T10:00:00,2026-07-13T18:00:00,
ah-03,available,2026-07-15T10:00:00,2026-07-15T18:00:00,
ah-03,available,2026-07-20T10:00:00,2026-07-20T18:00:00,
ah-03,available,2026-07-22T10:00:00,2026-07-22T18:00:00,
ah-03,available,2026-07-27T10:00:00,2026-07-27T18:00:00,
ah-03,available,2026-07-29T10:00:00,2026-07-29T18:00:00,
ah-03,available,2026-08-03T10:00:00,2026-08-03T18:00:00,
ah-03,available,2026-08-05T10:00:00,2026-08-05T18:00:00,
ah-03,available,2026-08-10T10:00:00,2026-08-10T18:00:00,
ah-03,available,2026-08-12T10:00:00,2026-08-12T18:00:00,
ah-03,available,2026-08-17T10:00:00,2026-08-17T18:00:00,
ah-03,available,2026-08-19T10:00:00,2026-08-19T18:00:00,
ah-03,available,2026-08-24T10:00:00,2026-08-24T18:00:00,
ah-03,available,2026-08-26T10:00:00,2026-08-26T18:00:00,
ah-03,available,2026-08-31T10:00:00,2026-08-31T18:00:00,
ah-04,available,2026-06-04T10:00:00,2026-06-04T19:00:00,
ah-04,available,2026-06-06T10:00:00,2026-06-06T19:00:00,
ah-04,available,2026-06-11T10:00:00,2026-06-11T19:00:00,
ah-04,available,2026-06-13T10:00:00,2026-06-13T19:00:00,
ah-04,available,2026-06-18T10:00:00,2026-06-18T19:00:00,
ah-04,available,2026-06-20T10:00:00,2026-06-20T19:00:00,
ah-04,available,2026-06-25T10:00:00,2026-06-25T19:00:00,
ah-04,available,2026-06-27T10:00:00,2026-06-27T19:00:00,
ah-04,available,2026-07-02T10:00:00,2026-07-02T19:00:00,
ah-04,available,2026-07-04T10:00:00,2026-07-04T19:00:00,
ah-04,available,2026-07-09T10:00:00,2026-07-09T19:00:00,
ah-04,available,2026-07-11T10:00:00,2026-07-11T19:00:00,
ah-04,available,2026-07-16T10:00:00,2026-07-16T19:00:00,
ah-04,available,2026-07-18T10:00:00,2026-07-18T19:00:00,
ah-04,available,2026-07-23T10:00:00,2026-07-23T19:00:00,
ah-04,available,2026-07-25T10:00:00,2026-07-25T19:00:00,
ah-04,available,2026-07-30T10:00:00,2026-07-30T19:00:00,
ah-04,available,2026-08-01T10:00:00,2026-08-01T19:00:00,
ah-04,available,2026-08-06T10:00:00,2026-08-06T19:00:00,
ah-04,available,2026-08-08T10:00:00,2026-08-08T19:00:00,
ah-04,available,2026-08-13T10:00:00,2026-08-13T19:00:00,
ah-04,available,2026-08-15T10:00:00,2026-08-15T19:00:00,
ah-04,available,2026-08-20T10:00:00,2026-08-20T19:00:00,
ah-04,available,2026-08-22T10:00:00,2026-08-22T19:00:00,
ah-04,available,2026-08-27T10:00:00,2026-08-27T19:00:00,
ah-04,available,2026-08-29T10:00:00,2026-08-29T19:00:00,
ah-04,downtime,2026-08-01T00:00:00,2026-08-07T23:59:00,Massage therapist on leave
ah-05,available,2026-06-01T07:00:00,2026-06-01T11:00:00,
ah-05,available,2026-06-03T07:00:00,2026-06-03T11:00:00,
ah-05,available,2026-06-05T07:00:00,2026-06-05T11:00:00,
ah-05,available,2026-06-06T07:00:00,2026-06-06T11:00:00,
ah-05,available,2026-06-08T07:00:00,2026-06-08T11:00:00,
ah-05,available,2026-06-10T07:00:00,2026-06-10T11:00:00,
ah-05,available,2026-06-12T07:00:00,2026-06-12T11:00:00,
ah-05,available,2026-06-13T07:00:00,2026-06-13T11:00:00,
ah-05,available,2026-06-15T07:00:00,2026-06-15T11:00:00,
ah-05,available,2026-06-17T07:00:00,2026-06-17T11:00:00,
ah-05,available,2026-06-19T07:00:00,2026-06-19T11:00:00,
ah-05,available,2026-06-20T07:00:00,2026-06-20T11:00:00,
ah-05,available,2026-06-22T07:00:00,2026-06-22T11:00:00,
ah-05,available,2026-06-24T07:00:00,2026-06-24T11:00:00,
ah-05,available,2026-06-26T07:00:00,2026-06-26T11:00:00,
ah-05,available,2026-06-27T07:00:00,2026-06-27T11:00:00,
ah-05,available,2026-06-29T07:00:00,2026-06-29T11:00:00,
ah-05,available,2026-07-01T07:00:00,2026-07-01T11:00:00,
ah-05,available,2026-07-03T07:00:00,2026-07-03T11:00:00,
ah-05,available,2026-07-04T07:00:00,2026-07-04T11:00:00,
ah-05,available,2026-07-06T07:00:00,2026-07-06T11:00:00,
ah-05,available,2026-07-08T07:00:00,2026-07-08T11:00:00,
ah-05,available,2026-07-10T07:00:00,2026-07-10T11:00:00,
ah-05,available,2026-07-11T07:00:00,2026-07-11T11:00:00,
ah-05,available,2026-07-13T07:00:00,2026-07-13T11:00:00,
ah-05,available,2026-07-15T07:00:00,2026-07-15T11:00:00,
ah-05,available,2026-07-17T07:00:00,2026-07-17T11:00:00,
ah-05,available,2026-07-18T07:00:00,2026-07-18T11:00:00,
ah-05,available,2026-07-20T07:00:00,2026-07-20T11:00:00,
ah-05,available,2026-07-22T07:00:00,2026-07-22T11:00:00,
ah-05,available,2026-07-24T07:00:00,2026-07-24T11:00:00,
ah-05,available,2026-07-25T07:00:00,2026-07-25T11:00:00,
ah-05,available,2026-07-27T07:00:00,2026-07-27T11:00:00,
ah-05,available,2026-07-29T07:00:00,2026-07-29T11:00:00,
ah-05,available,2026-07-31T07:00:00,2026-07-31T11:00:00,
ah-05,available,2026-08-01T07:00:00,2026-08-01T11:00:00,
ah-05,available,2026-08-03T07:00:00,2026-08-03T11:00:00,
ah-05,available,2026-08-05T07:00:00,2026-08-05T11:00:00,
ah-05,available,2026-08-07T07:00:00,2026-08-07T11:00:00,
ah-05,available,2026-08-08T07:00:00,2026-08-08T11:00:00,
ah-05,available,2026-08-10T07:00:00,2026-08-10T11:00:00,
ah-05,available,2026-08-12T07:00:00,2026-08-12T11:00:00,
ah-05,available,2026-08-14T07:00:00,2026-08-14T11:00:00,
ah-05,available,2026-08-15T07:00:00,2026-08-15T11:00:00,
ah-05,available,2026-08-17T07:00:00,2026-08-17T11:00:00,
ah-05,available,2026-08-19T07:00:00,2026-08-19T11:00:00,
ah-05,available,2026-08-21T07:00:00,2026-08-21T11:00:00,
ah-05,available,2026-08-22T07:00:00,2026-08-22T11:00:00,
ah-05,available,2026-08-24T07:00:00,2026-08-24T11:00:00,
ah-05,available,2026-08-26T07:00:00,2026-08-26T11:00:00,
ah-05,available,2026-08-28T07:00:00,2026-08-28T11:00:00,
ah-05,available,2026-08-29T07:00:00,2026-08-29T11:00:00,
ah-05,available,2026-08-31T07:00:00,2026-08-31T11:00:00,
ah-06,available,2026-06-01T09:00:00,2026-06-01T18:00:00,
ah-06,available,2026-06-02T09:00:00,2026-06-02T18:00:00,
ah-06,available,2026-06-03T09:00:00,2026-06-03T18:00:00,
ah-06,available,2026-06-04T09:00:00,2026-06-04T18:00:00,
ah-06,available,2026-06-05T09:00:00,2026-06-05T18:00:00,
ah-06,available,2026-06-08T09:00:00,2026-06-08T18:00:00,
ah-06,available,2026-06-09T09:00:00,2026-06-09T18:00:00,
ah-06,available,2026-06-10T09:00:00,2026-06-10T18:00:00,
ah-06,available,2026-06-11T09:00:00,2026-06-11T18:00:00,
ah-06,available,2026-06-12T09:00:00,2026-06-12T18:00:00,
ah-06,available,2026-06-15T09:00:00,2026-06-15T18:00:00,
ah-06,available,2026-06-16T09:00:00,2026-06-16T18:00:00,
ah-06,available,2026-06-17T09:00:00,2026-06-17T18:00:00,
ah-06,available,2026-06-18T09:00:00,2026-06-18T18:00:00,
ah-06,available,2026-06-19T09:00:00,2026-06-19T18:00:00,
ah-06,available,2026-06-22T09:00:00,2026-06-22T18:00:00,
ah-06,available,2026-06-23T09:00:00,2026-06-23T18:00:00,
ah-06,available,2026-06-24T09:00:00,2026-06-24T18:00:00,
ah-06,available,2026-06-25T09:00:00,2026-06-25T18:00:00,
ah-06,available,2026-06-26T09:00:00,2026-06-26T18:00:00,
ah-06,available,2026-06-29T09:00:00,2026-06-29T18:00:00,
ah-06,available,2026-06-30T09:00:00,2026-06-30T18:00:00,
ah-06,available,2026-07-01T09:00:00,2026-07-01T18:00:00,
ah-06,available,2026-07-02T09:00:00,2026-07-02T18:00:00,
ah-06,available,2026-07-03T09:00:00,2026-07-03T18:00:00,
ah-06,available,2026-07-06T09:00:00,2026-07-06T18:00:00,
ah-06,available,2026-07-07T09:00:00,2026-07-07T18:00:00,
ah-06,available,2026-07-08T09:00:00,2026-07-08T18:00:00,
ah-06,available,2026-07-09T09:00:00,2026-07-09T18:00:00,
ah-06,available,2026-07-10T09:00:00,2026-07-10T18:00:00,
ah-06,available,2026-07-13T09:00:00,2026-07-13T18:00:00,
ah-06,available,2026-07-14T09:00:00,2026-07-14T18:00:00,
ah-06,available,2026-07-15T09:00:00,2026-07-15T18:00:00,
ah-06,available,2026-07-16T09:00:00,2026-07-16T18:00:00,
ah-06,available,2026-07-17T09:00:00,2026-07-17T18:00:00,
ah-06,available,2026-07-20T09:00:00,2026-07-20T18:00:00,
ah-06,available,2026-07-21T09:00:00,2026-07-21T18:00:00,
ah-06,available,2026-07-22T09:00:00,2026-07-22T18:00:00,
ah-06,available,2026-07-23T09:00:00,2026-07-23T18:00:00,
ah-06,available,2026-07-24T09:00:00,2026-07-24T18:00:00,
ah-06,available,2026-07-27T09:00:00,2026-07-27T18:00:00,
ah-06,available,2026-07-28T09:00:00,2026-07-28T18:00:00,
ah-06,available,2026-07-29T09:00:00,2026-07-29T18:00:00,
ah-06,available,2026-07-30T09:00:00,2026-07-30T18:00:00,
ah-06,available,2026-07-31T09:00:00,2026-07-31T18:00:00,
ah-06,available,2026-08-03T09:00:00,2026-08-03T18:00:00,
ah-06,available,2026-08-04T09:00:00,2026-08-04T18:00:00,
ah-06,available,2026-08-05T09:00:00,2026-08-05T18:00:00,
ah-06,available,2026-08-06T09:00:00,2026-08-06T18:00:00,
ah-06,available,2026-08-07T09:00:00,2026-08-07T18:00:00,
ah-06,available,2026-08-10T09:00:00,2026-08-10T18:00:00,
ah-06,available,2026-08-11T09:00:00,2026-08-11T18:00:00,
ah-06,available,2026-08-12T09:00:00,2026-08-12T18:00:00,
ah-06,available,2026-08-13T09:00:00,2026-08-13T18:00:00,
ah-06,available,2026-08-14T09:00:00,2026-08-14T18:00:00,
ah-06,available,2026-08-17T09:00:00,2026-08-17T18:00:00,
ah-06,available,2026-08-18T09:00:00,2026-08-18T18:00:00,
ah-06,available,2026-08-19T09:00:00,2026-08-19T18:00:00,
ah-06,available,2026-08-20T09:00:00,2026-08-20T18:00:00,
ah-06,available,2026-08-21T09:00:00,2026-08-21T18:00:00,
ah-06,available,2026-08-24T09:00:00,2026-08-24T18:00:00,
ah-06,available,2026-08-25T09:00:00,2026-08-25T18:00:00,
ah-06,available,2026-08-26T09:00:00,2026-08-26T18:00:00,
ah-06,available,2026-08-27T09:00:00,2026-08-27T18:00:00,
ah-06,available,2026-08-28T09:00:00,2026-08-28T18:00:00,
ah-06,available,2026-08-31T09:00:00,2026-08-31T18:00:00,
ah-07,available,2026-06-02T11:00:00,2026-06-02T17:00:00,
ah-07,available,2026-06-04T11:00:00,2026-06-04T17:00:00,
ah-07,available,2026-06-09T11:00:00,2026-06-09T17:00:00,
ah-07,available,2026-06-11T11:00:00,2026-06-11T17:00:00,
ah-07,available,2026-06-16T11:00:00,2026-06-16T17:00:00,
ah-07,available,2026-06-18T11:00:00,2026-06-18T17:00:00,
ah-07,available,2026-06-23T11:00:00,2026-06-23T17:00:00,
ah-07,available,2026-06-25T11:00:00,2026-06-25T17:00:00,
ah-07,available,2026-06-30T11:00:00,2026-06-30T17:00:00,
ah-07,available,2026-07-02T11:00:00,2026-07-02T17:00:00,
ah-07,available,2026-07-07T11:00:00,2026-07-07T17:00:00,
ah-07,available,2026-07-09T11:00:00,2026-07-09T17:00:00,
ah-07,available,2026-07-14T11:00:00,2026-07-14T17:00:00,
ah-07,available,2026-07-16T11:00:00,2026-07-16T17:00:00,
ah-07,available,2026-07-21T11:00:00,2026-07-21T17:00:00,
ah-07,available,2026-07-23T11:00:00,2026-07-23T17:00:00,
ah-07,available,2026-07-28T11:00:00,2026-07-28T17:00:00,
ah-07,available,2026-07-30T11:00:00,2026-07-30T17:00:00,
ah-07,available,2026-08-04T11:00:00,2026-08-04T17:00:00,
ah-07,available,2026-08-06T11:00:00,2026-08-06T17:00:00,
ah-07,available,2026-08-11T11:00:00,2026-08-11T17:00:00,
ah-07,available,2026-08-13T11:00:00,2026-08-13T17:00:00,
ah-07,available,2026-08-18T11:00:00,2026-08-18T17:00:00,
ah-07,available,2026-08-20T11:00:00,2026-08-20T17:00:00,
ah-07,available,2026-08-25T11:00:00,2026-08-25T17:00:00,
ah-07,available,2026-08-27T11:00:00,2026-08-27T17:00:00,
ah-08,available,2026-06-02T08:00:00,2026-06-02T13:00:00,
ah-08,available,2026-06-04T08:00:00,2026-06-04T13:00:00,
ah-08,available,2026-06-06T08:00:00,2026-06-06T13:00:00,
ah-08,available,2026-06-09T08:00:00,2026-06-09T13:00:00,
ah-08,available,2026-06-11T08:00:00,2026-06-11T13:00:00,
ah-08,available,2026-06-13T08:00:00,2026-06-13T13:00:00,
ah-08,available,2026-06-16T08:00:00,2026-06-16T13:00:00,
ah-08,available,2026-06-18T08:00:00,2026-06-18T13:00:00,
ah-08,available,2026-06-20T08:00:00,2026-06-20T13:00:00,
ah-08,available,2026-06-23T08:00:00,2026-06-23T13:00:00,
ah-08,available,2026-06-25T08:00:00,2026-06-25T13:00:00,
ah-08,available,2026-06-27T08:00:00,2026-06-27T13:00:00,
ah-08,available,2026-06-30T08:00:00,2026-06-30T13:00:00,
ah-08,available,2026-07-02T08:00:00,2026-07-02T13:00:00,
ah-08,available,2026-07-04T08:00:00,2026-07-04T13:00:00,
ah-08,available,2026-07-07T08:00:00,2026-07-07T13:00:00,
ah-08,available,2026-07-09T08:00:00,2026-07-09T13:00:00,
ah-08,available,2026-07-11T08:00:00,2026-07-11T13:00:00,
ah-08,available,2026-07-14T08:00:00,2026-07-14T13:00:00,
ah-08,available,2026-07-16T08:00:00,2026-07-16T13:00:00,
ah-08,available,2026-07-18T08:00:00,2026-07-18T13:00:00,
ah-08,available,2026-07-21T08:00:00,2026-07-21T13:00:00,
ah-08,available,2026-07-23T08:00:00,2026-07-23T13:00:00,
ah-08,available,2026-07-25T08:00:00,2026-07-25T13:00:00,
ah-08,available,2026-07-28T08:00:00,2026-07-28T13:00:00,
ah-08,available,2026-07-30T08:00:00,2026-07-30T13:00:00,
ah-08,available,2026-08-01T08:00:00,2026-08-01T13:00:00,
ah-08,available,2026-08-04T08:00:00,2026-08-04T13:00:00,
ah-08,available,2026-08-06T08:00:00,2026-08-06T13:00:00,
ah-08,available,2026-08-08T08:00:00,2026-08-08T13:00:00,
ah-08,available,2026-08-11T08:00:00,2026-08-11T13:00:00,
ah-08,available,2026-08-13T08:00:00,2026-08-13T13:00:00,
ah-08,available,2026-08-15T08:00:00,2026-08-15T13:00:00,
ah-08,available,2026-08-18T08:00:00,2026-08-18T13:00:00,
ah-08,available,2026-08-20T08:00:00,2026-08-20T13:00:00,
ah-08,available,2026-08-22T08:00:00,2026-08-22T13:00:00,
ah-08,available,2026-08-25T08:00:00,2026-08-25T13:00:00,
ah-08,available,2026-08-27T08:00:00,2026-08-27T13:00:00,
ah-08,available,2026-08-29T08:00:00,2026-08-29T13:00:00,
ah-09,available,2026-06-01T13:00:00,2026-06-01T18:00:00,
ah-09,available,2026-06-05T13:00:00,2026-06-05T18:00:00,
ah-09,available,2026-06-08T13:00:00,2026-06-08T18:00:00,
ah-09,available,2026-06-12T13:00:00,2026-06-12T18:00:00,
ah-09,available,2026-06-15T13:00:00,2026-06-15T18:00:00,
ah-09,available,2026-06-19T13:00:00,2026-06-19T18:00:00,
ah-09,available,2026-06-22T13:00:00,2026-06-22T18:00:00,
ah-09,available,2026-06-26T13:00:00,2026-06-26T18:00:00,
ah-09,available,2026-06-29T13:00:00,2026-06-29T18:00:00,
ah-09,available,2026-07-03T13:00:00,2026-07-03T18:00:00,
ah-09,available,2026-07-06T13:00:00,2026-07-06T18:00:00,
ah-09,available,2026-07-10T13:00:00,2026-07-10T18:00:00,
ah-09,available,2026-07-13T13:00:00,2026-07-13T18:00:00,
ah-09,available,2026-07-17T13:00:00,2026-07-17T18:00:00,
ah-09,available,2026-07-20T13:00:00,2026-07-20T18:00:00,
ah-09,available,2026-07-24T13:00:00,2026-07-24T18:00:00,
ah-09,available,2026-07-27T13:00:00,2026-07-27T18:00:00,
ah-09,available,2026-07-31T13:00:00,2026-07-31T18:00:00,
ah-09,available,2026-08-03T13:00:00,2026-08-03T18:00:00,
ah-09,available,2026-08-07T13:00:00,2026-08-07T18:00:00,
ah-09,available,2026-08-10T13:00:00,2026-08-10T18:00:00,
ah-09,available,2026-08-14T13:00:00,2026-08-14T18:00:00,
ah-09,available,2026-08-17T13:00:00,2026-08-17T18:00:00,
ah-09,available,2026-08-21T13:00:00,2026-08-21T18:00:00,
ah-09,available,2026-08-24T13:00:00,2026-08-24T18:00:00,
ah-09,available,2026-08-28T13:00:00,2026-08-28T18:00:00,
ah-09,available,2026-08-31T13:00:00,2026-08-31T18:00:00,
